Tiempo,Altitud,Acel X,Acel Y,Acel Z,Gyr X,Gyr Y,Gyr Z,Temperatura
2.357604,3.72,12440.00,13152.00,-2672.00,-380.00,255.00,522.00,27.53
2.418618,4.04,13252.00,12216.00,-1792.00,-379.00,549.00,289.00,27.52
2.458634,0.36,12988.00,11844.00,-708.00,-526.00,295.00,-636.00,27.82
2.492634,0.36,13476.00,12240.00,-1104.00,-598.00,62.00,-1429.00,27.82
2.531673,0.26,11192.00,13208.00,-1600.00,-319.00,176.00,-1299.00,27.82
2.554688,-0.77,9464.00,12276.00,-884.00,-137.00,360.00,-1382.00,27.9
2.588696,-0.77,8572.00,12196.00,-1348.00,-317.00,103.00,-665.00,27.9
2.619691,0.19,7732.00,12984.00,-1868.00,-261.00,3.00,191.00,27.82
2.650718,-0.85,9784.00,12620.00,-1120.00,-170.00,361.00,729.00,27.89
2.683725,4.16,11172.00,12384.00,-604.00,-104.00,274.00,1236.00,27.48
2.726871,5.16,10904.00,12140.00,-1432.00,111.00,207.00,1100.00,27.41
2.759879,5.16,11540.00,12240.00,-1732.00,68.00,129.00,1057.00,27.41
2.789887,0.28,11212.00,12496.00,-1912.00,34.00,219.00,1049.00,27.82
2.820893,0.28,11412.00,12352.00,-2012.00,-294.00,442.00,1274.00,27.82
2.853912,4.91,11684.00,12100.00,-1540.00,-449.00,585.00,1080.00,27.44
2.887911,8.61,12404.00,11632.00,-744.00,-388.00,490.00,776.00,27.17
2.919917,9.30,13280.00,11676.00,-876.00,-309.00,205.00,159.00,27.13
2.949934,8.86,12808.00,12036.00,-1928.00,-402.00,309.00,-1163.00,27.15
2.978948,9.49,11312.00,11820.00,-964.00,-523.00,291.00,-1189.00,27.09
3.010955,9.49,10732.00,11808.00,-556.00,-413.00,172.00,-1057.00,27.09
3.041008,6.30,9792.00,12168.00,-320.00,-223.00,161.00,-437.00,27.35
3.072016,7.84,11040.00,12072.00,-1428.00,412.00,29.00,587.00,27.21
3.105023,7.84,12244.00,11912.00,-1948.00,336.00,11.00,579.00,27.21
3.137031,7.57,12608.00,11984.00,-2004.00,-147.00,173.00,211.00,27.26
3.164018,7.57,12880.00,11996.00,-1984.00,-300.00,210.00,70.00,27.26
3.194044,6.76,12296.00,12116.00,-1520.00,-388.00,171.00,-193.00,27.32
4.739812,3.72,12440.00,13152.00,-2672.00,-380.00,255.00,522.00,27.53
4.762817,4.04,13252.00,12216.00,-1792.00,-379.00,549.00,289.00,27.52
4.793825,0.36,12988.00,11844.00,-708.00,-526.00,295.00,-636.00,27.82
4.824831,0.36,13476.00,12240.00,-1104.00,-598.00,62.00,-1429.00,27.82
4.852837,0.26,11192.00,13208.00,-1600.00,-319.00,176.00,-1299.00,27.82
4.879843,-0.77,9464.00,12276.00,-884.00,-137.00,360.00,-1382.00,27.9
4.899849,-0.77,8572.00,12196.00,-1348.00,-317.00,103.00,-665.00,27.9
4.924854,0.19,7732.00,12984.00,-1868.00,-261.00,3.00,191.00,27.82
4.953871,-0.85,9784.00,12620.00,-1120.00,-170.00,361.00,729.00,27.89
4.984867,4.16,11172.00,12384.00,-604.00,-104.00,274.00,1236.00,27.48
5.013874,5.16,10904.00,12140.00,-1432.00,111.00,207.00,1100.00,27.41
5.047882,5.16,11540.00,12240.00,-1732.00,68.00,129.00,1057.00,27.41
5.074888,0.28,11212.00,12496.00,-1912.00,34.00,219.00,1049.00,27.82
5.104896,0.28,11412.00,12352.00,-2012.00,-294.00,442.00,1274.00,27.82
5.132043,4.91,11684.00,12100.00,-1540.00,-449.00,585.00,1080.00,27.44
5.151428,8.61,12404.00,11632.00,-744.00,-388.00,490.00,776.00,27.17
5.173457,9.30,13280.00,11676.00,-876.00,-309.00,205.00,159.00,27.13
5.203458,8.86,12808.00,12036.00,-1928.00,-402.00,309.00,-1163.00,27.15
5.233454,9.49,11312.00,11820.00,-964.00,-523.00,291.00,-1189.00,27.09
5.262477,9.49,10732.00,11808.00,-556.00,-413.00,172.00,-1057.00,27.09
5.292759,6.30,9792.00,12168.00,-320.00,-223.00,161.00,-437.00,27.35
5.322766,7.84,11040.00,12072.00,-1428.00,412.00,29.00,587.00,27.21
5.34978,7.84,12244.00,11912.00,-1948.00,336.00,11.00,579.00,27.21
5.359781,7.57,12608.00,11984.00,-2004.00,-147.00,173.00,211.00,27.26
5.388781,7.57,12880.00,11996.00,-1984.00,-300.00,210.00,70.00,27.26
5.415788,6.76,12296.00,12116.00,-1520.00,-388.00,171.00,-193.00,27.32
5.441799,7.42,11344.00,11700.00,-1064.00,-438.00,233.00,-409.00,27.27
5.473806,4.97,12132.00,12036.00,-1300.00,-436.00,209.00,-488.00,27.45
5.504808,3.42,11472.00,11972.00,-1140.00,-255.00,192.00,-369.00,27.57
5.533744,3.42,11552.00,12112.00,-1256.00,-273.00,153.00,-321.00,27.56
5.562737,3.42,11412.00,12184.00,-1060.00,-229.00,180.00,-331.00,27.56
5.592745,4.48,11204.00,11868.00,-1316.00,-227.00,171.00,-239.00,27.51
5.62475,4.22,10800.00,12104.00,-1152.00,-176.00,143.00,-98.00,27.54
5.654758,4.26,11784.00,11996.00,-1144.00,-115.00,112.00,198.00,27.53
5.685764,4.26,11912.00,12032.00,-1380.00,-48.00,129.00,166.00,27.53
5.71377,3.66,11604.00,11824.00,-1720.00,-253.00,129.00,-11.00,27.57
5.742776,3.66,11500.00,12064.00,-1852.00,-333.00,158.00,37.00,27.57
5.775786,2.11,12192.00,11900.00,-1248.00,-372.00,239.00,-15.00,27.7
5.806793,4.29,11936.00,11888.00,-852.00,-389.00,161.00,-80.00,27.53
5.842811,3.93,11416.00,12052.00,-1288.00,-240.00,162.00,-190.00,27.55
5.877507,3.93,11588.00,12060.00,-1440.00,-244.00,178.00,-137.00,27.55
5.897395,0.16,11384.00,11948.00,-1116.00,-242.00,167.00,-109.00,27.85
5.930418,3.79,11336.00,11940.00,-956.00,-213.00,174.00,22.00,27.56
5.958424,6.64,12232.00,11828.00,-1000.00,72.00,76.00,-159.00,27.35
5.985424,6.64,12132.00,11908.00,-1636.00,-77.00,103.00,-207.00,27.35
6.014422,2.03,12540.00,12052.00,-1564.00,-30.00,198.00,-246.00,27.7
6.044437,6.46,11912.00,11924.00,-1464.00,-359.00,220.00,-228.00,27.36
6.074451,7.37,11368.00,11880.00,-936.00,-470.00,200.00,-133.00,27.28
6.102451,7.44,11280.00,11780.00,-876.00,-346.00,191.00,-51.00,27.26
6.134447,7.44,11784.00,11996.00,-924.00,-219.00,171.00,40.00,27.26
6.162453,8.64,11972.00,11856.00,-1196.00,-104.00,143.00,17.00,27.17
6.194677,8.74,11992.00,11852.00,-1208.00,-78.00,150.00,-41.00,27.17
6.224307,5.74,11860.00,11780.00,-1212.00,-22.00,156.00,-162.00,27.43
6.25532,8.58,11844.00,11752.00,-1184.00,-70.00,139.00,-147.00,27.17
6.286321,8.58,11808.00,11852.00,-1264.00,-50.00,130.00,-202.00,27.17
6.311333,8.65,11684.00,11772.00,-1512.00,-230.00,159.00,-189.00,27.16
6.338333,7.86,11736.00,11800.00,-1480.00,-275.00,184.00,-174.00,27.24
6.361344,7.86,11836.00,11912.00,-1416.00,-345.00,180.00,-189.00,27.24
6.392345,6.54,11724.00,11864.00,-1240.00,-375.00,219.00,-177.00,27.36
6.423342,6.18,11572.00,11852.00,-1000.00,-288.00,198.00,-167.00,27.36
6.453359,6.18,11648.00,11832.00,-1004.00,-244.00,175.00,-150.00,27.36
6.482356,5.63,11452.00,11924.00,-932.00,-173.00,143.00,-76.00,27.43
6.514362,5.64,11612.00,11900.00,-1072.00,-92.00,154.00,-11.00,27.43
6.54737,5.51,11908.00,11812.00,-1300.00,-71.00,129.00,-12.00,27.45
6.580395,5.51,11984.00,11840.00,-1320.00,-106.00,139.00,-88.00,27.45
6.600568,4.55,11992.00,11812.00,-1360.00,-122.00,143.00,-147.00,27.51
6.625583,5.07,11644.00,11864.00,-1496.00,-240.00,181.00,-226.00,27.48
6.652589,5.07,11820.00,11832.00,-1400.00,-272.00,166.00,-226.00,27.48
6.689588,4.87,11648.00,11836.00,-1400.00,-346.00,161.00,-218.00,27.52
6.715985,3.91,11720.00,11764.00,-1124.00,-298.00,180.00,-129.00,27.58
6.741993,3.91,11756.00,11824.00,-1144.00,-294.00,197.00,-124.00,27.58
6.795637,4.22,11800.00,11788.00,-1192.00,-152.00,151.00,-128.00,27.54
6.822644,4.22,11808.00,11840.00,-1232.00,-127.00,131.00,-128.00,27.54
6.848649,4.06,11736.00,11832.00,-1280.00,-102.00,142.00,-116.00,27.57
6.873653,3.77,11776.00,11756.00,-1216.00,-99.00,140.00,-72.00,27.58
6.899659,3.77,11884.00,11808.00,-1324.00,-112.00,170.00,-40.00,27.58
6.908662,4.24,11864.00,11780.00,-1436.00,-170.00,171.00,-107.00,27.53
6.931669,4.24,11972.00,11828.00,-1284.00,-214.00,158.00,-131.00,27.53
6.94667,1.18,11924.00,11800.00,-1424.00,-292.00,170.00,-194.00,27.8
6.971685,3.03,11736.00,11768.00,-1268.00,-316.00,192.00,-248.00,27.66
6.996682,3.60,11692.00,11772.00,-988.00,-259.00,162.00,-203.00,27.58
7.020704,3.60,11568.00,11748.00,-984.00,-235.00,163.00,-176.00,27.58
7.03692,-0.03,11616.00,11812.00,-1080.00,-186.00,166.00,-151.00,27.87
7.060925,3.86,11632.00,11560.00,-1240.00,-203.00,489.00,38.00,27.56
7.084939,5.29,12136.00,11704.00,-2208.00,-3.00,-115.00,-241.00,27.43
7.112953,5.29,11428.00,11628.00,-688.00,-335.00,376.00,-40.00,27.43
7.139951,0.01,11880.00,12048.00,-1912.00,172.00,146.00,-333.00,27.87
7.161976,4.10,12504.00,11492.00,-1272.00,1.00,112.00,-33.00,27.55
7.183981,6.18,11596.00,14152.00,-1936.00,594.00,575.00,583.00,27.39
1.558663,7.78,9156.00,12776.00,-3548.00,-282.00,191.00,-1244.00,27.36
1.675176,7.32,8800.00,12920.00,-3424.00,-418.00,278.00,-991.00,27.41
1.735196,7.32,8796.00,12772.00,-3224.00,-688.00,273.00,-591.00,27.41
1.772929,0.26,8704.00,12920.00,-2980.00,-909.00,239.00,-240.00,27.97
1.82404,1.35,8640.00,12900.00,-2756.00,-1082.00,284.00,240.00,27.88
1.890844,1.35,9124.00,12872.00,-2332.00,-1183.00,302.00,624.00,27.88
1.957059,0.41,9240.00,12748.00,-1756.00,-1086.00,259.00,922.00,27.96
2.023092,0.29,10072.00,12824.00,-1000.00,-854.00,233.00,1080.00,27.96
2.090107,0.29,10764.00,12732.00,-652.00,-407.00,172.00,1111.00,27.96
2.155666,0.12,11472.00,12636.00,-576.00,174.00,93.00,907.00,27.97
2.189662,-0.54,12028.00,12468.00,-992.00,584.00,14.00,550.00,28.03
2.256699,-0.54,12344.00,12680.00,-1612.00,857.00,3.00,64.00,28.03
2.32367,0.14,12236.00,12544.00,-2492.00,936.00,9.00,-416.00,27.96
2.389994,-0.12,11968.00,12636.00,-3372.00,705.00,14.00,-930.00,27.97
2.455548,4.71,10732.00,12576.00,-3804.00,157.00,68.00,-1336.00,27.59
2.52269,6.41,10208.00,12984.00,-3712.00,-476.00,162.00,-1317.00,27.45
2.588615,7.30,9268.00,13000.00,-2892.00,-898.00,262.00,-969.00,27.38
2.655694,7.30,8924.00,12984.00,-1892.00,-932.00,289.00,199.00,27.38
2.689719,9.67,9628.00,12900.00,-1676.00,-704.00,242.00,649.00,27.22
2.755491,8.85,10316.00,12852.00,-1292.00,-421.00,178.00,802.00,27.27
2.822582,9.26,11020.00,12784.00,-960.00,75.00,55.00,692.00,27.23
2.888817,8.78,11100.00,12676.00,-992.00,204.00,33.00,626.00,27.28
2.954977,8.78,11268.00,12664.00,-1244.00,572.00,-53.00,346.00,27.28
3.022043,8.96,11384.00,12824.00,-3328.00,595.00,69.00,-328.00,27.3
3.08812,8.25,11268.00,12636.00,-3572.00,444.00,63.00,-431.00,27.34
3.12213,8.25,11116.00,13140.00,-3572.00,62.00,-9.00,-709.00,27.34
3.188481,7.42,11072.00,12272.00,-3740.00,-396.00,281.00,-567.00,27.42
3.254634,5.58,9712.00,12652.00,-2980.00,-741.00,332.00,-725.00,27.55
3.321943,5.19,8864.00,13124.00,-2308.00,-923.00,208.00,-775.00,27.58
3.388652,4.58,9336.00,12440.00,-2076.00,-719.00,151.00,-198.00,27.62
3.454182,3.90,9396.00,13144.00,-1292.00,41.00,141.00,712.00,27.7
3.520691,3.90,9340.00,13080.00,-1604.00,224.00,250.00,992.00,27.7
3.587436,4.45,10952.00,11784.00,-2532.00,283.00,219.00,1059.00,27.66
3.654028,4.45,10988.00,12184.00,-2452.00,288.00,268.00,922.00,27.66
3.697059,3.24,11340.00,12568.00,-2808.00,226.00,179.00,957.00,27.76
3.754992,4.02,11976.00,12016.00,-3316.00,-325.00,368.00,230.00,27.7
3.821044,4.02,11688.00,12348.00,-3316.00,-411.00,414.00,141.00,27.7
3.886821,0.20,11784.00,12116.00,-3112.00,-683.00,480.00,-173.00,27.99
3.953658,4.91,11752.00,12180.00,-2580.00,-916.00,371.00,-568.00,27.64
4.019964,8.25,10656.00,12300.00,-1328.00,-663.00,236.00,-817.00,27.36
4.087219,8.25,10608.00,12404.00,-1424.00,-527.00,227.00,-809.00,27.36
4.153139,3.27,10068.00,12580.00,-1336.00,-299.00,154.00,-641.00,27.75
4.219653,3.43,9904.00,12544.00,-1636.00,-3.00,139.00,-342.00,27.4
4.28628,9.30,10088.00,12392.00,-2052.00,430.00,62.00,443.00,27.28
4.321015,9.24,10576.00,12496.00,-2192.00,430.00,63.00,508.00,27.31
4.386151,9.24,10700.00,12412.00,-2452.00,405.00,54.00,574.00,27.31
4.453769,4.25,11300.00,12404.00,-3088.00,207.00,75.00,436.00,27.66
4.520257,8.90,11716.00,12332.00,-3076.00,-580.00,253.00,-127.00,27.3
4.585753,9.40,11676.00,12368.00,-2984.00,-690.00,279.00,-194.00,27.28
4.652675,9.40,11540.00,12336.00,-2448.00,-820.00,323.00,-393.00,27.28
4.718911,7.78,10904.00,12320.00,-1720.00,-656.00,256.00,-640.00,27.37
4.785572,7.75,10804.00,12400.00,-1460.00,-557.00,232.00,-614.00,27.4
4.851676,6.78,10408.00,12376.00,-1528.00,-79.00,113.00,-371.00,27.48
4.918331,8.56,10336.00,12416.00,-1588.00,53.00,79.00,-272.00,27.34
4.952338,8.56,10356.00,12556.00,-1772.00,159.00,89.00,-75.00,27.34
5.018353,6.72,10608.00,12384.00,-2372.00,340.00,75.00,302.00,27.49
5.08537,5.92,10580.00,12432.00,-2640.00,249.00,66.00,325.00,27.57
5.151486,5.92,11140.00,12428.00,-2920.00,153.00,55.00,353.00,27.57
5.218505,6.66,10932.00,12320.00,-2964.00,-67.00,138.00,247.00,27.46
5.284527,4.22,11700.00,12368.00,-2800.00,-654.00,294.00,-165.00,27.67
5.35127,4.22,11628.00,12300.00,-2480.00,-744.00,261.00,-259.00,27.67
5.417979,3.68,11468.00,12396.00,-2084.00,-765.00,296.00,-411.00,27.73
5.484361,3.26,11072.00,12376.00,-1784.00,-639.00,257.00,-561.00,27.77
5.520397,3.96,10288.00,12812.00,-1536.00,-202.00,4.00,-451.00,27.72
5.584036,3.96,10940.00,8684.00,-2844.00,-167.00,692.00,36.00,27.72
5.651435,0.40,10448.00,13804.00,648.00,-68.00,-90.00,-1021.00,28.01
5.717279,4.73,10156.00,14392.00,-2436.00,548.00,-43.00,-152.00,27.64
5.783827,4.73,10200.00,13412.00,-2308.00,643.00,297.00,-152.00,27.64
5.850889,0.21,10188.00,10832.00,-4188.00,410.00,440.00,21.00,28.01
5.91699,5.41,9924.00,12540.00,-3200.00,-156.00,-42.00,-454.00,27.58
5.983017,7.09,10120.00,12852.00,-2744.00,-239.00,119.00,832.00,27.47
6.050262,7.81,10352.00,12168.00,-2920.00,-716.00,235.00,687.00,27.43
6.084286,7.42,10800.00,12780.00,-2364.00,-712.00,336.00,732.00,27.36
6.151028,8.29,11568.00,12244.00,-2076.00,-725.00,575.00,520.00,27.36
6.216504,8.07,11976.00,12128.00,-1624.00,-529.00,281.00,-76.00,27.37
6.284363,8.62,11764.00,12172.00,-1376.00,-429.00,283.00,-234.00,27.34
6.349658,8.62,11620.00,12264.00,-1348.00,-165.00,116.00,-409.00,27.34
6.41616,5.19,11200.00,12332.00,-1456.00,108.00,29.00,-636.00,27.61
6.483679,8.57,10612.00,12392.00,-2144.00,292.00,-21.00,-657.00,27.33
6.550025,9.37,10524.00,12500.00,-2176.00,296.00,-31.00,-569.00,27.3
6.615928,6.71,10308.00,12432.00,-2956.00,27.00,122.00,-224.00,27.51
6.682406,9.03,10340.00,12476.00,-2688.00,-43.00,116.00,-132.00,27.32
6.728511,9.03,10412.00,12456.00,-2792.00,-223.00,155.00,35.00,27.32
6.783034,6.87,10480.00,12548.00,-2832.00,-434.00,195.00,233.00,27.5
6.848813,8.56,10780.00,12432.00,-2748.00,-576.00,254.00,332.00,27.36
6.915948,7.41,11324.00,12280.00,-1940.00,-567.00,307.00,178.00,27.45
6.981947,7.41,11388.00,12240.00,-1672.00,-495.00,334.00,113.00,27.45
7.049967,6.48,11472.00,12220.00,-1480.00,-433.00,246.00,-50.00,27.53
7.115023,4.99,11356.00,12116.00,-1724.00,0.00,67.00,-415.00,27.67
7.182068,4.99,11300.00,12304.00,-1668.00,53.00,94.00,-449.00,27.67
7.248084,4.19,10892.00,12396.00,-2080.00,110.00,22.00,-467.00,27.71
7.289094,4.19,10904.00,12428.00,-2264.00,130.00,71.00,-463.00,27.71
7.349031,4.11,10776.00,12388.00,-2420.00,92.00,44.00,-407.00,27.74
7.414636,3.47,10648.00,12456.00,-2488.00,-54.00,86.00,-265.00,27.76
7.481681,4.06,10504.00,12412.00,-2696.00,-193.00,135.00,-144.00,27.73
7.548564,4.53,10680.00,12432.00,-2452.00,-521.00,219.00,141.00,27.7
7.614252,4.53,10896.00,12424.00,-2368.00,-512.00,258.00,161.00,27.7
7.68066,0.31,10912.00,12372.00,-2148.00,-506.00,271.00,196.00,28.02
7.747495,7.47,11316.00,12360.00,-1708.00,-282.00,220.00,39.00,27.46
7.786526,7.47,11344.00,12140.00,-1788.00,-260.00,172.00,6.00,27.46
7.848624,3.25,11376.00,12308.00,-1820.00,-138.00,154.00,-138.00,27.81
7.913771,7.49,11312.00,12352.00,-1932.00,-48.00,137.00,-260.00,27.47
7.981045,7.49,11196.00,12316.00,-1964.00,17.00,80.00,-387.00,27.38
8.04689,9.07,10680.00,12360.00,-2344.00,-28.00,83.00,-372.00,27.33
8.113675,9.33,10652.00,12400.00,-2412.00,-149.00,87.00,-291.00,27.31
8.180072,8.96,10604.00,12380.00,-2640.00,-184.00,131.00,-274.00,27.36
8.24665,8.96,10700.00,12288.00,-2584.00,-234.00,155.00,-177.00,27.36
8.313131,3.98,10604.00,12508.00,-2540.00,-381.00,170.00,-54.00,27.75
8.379704,8.51,10920.00,12352.00,-2088.00,-352.00,215.00,93.00,27.36
8.446286,8.51,10880.00,12316.00,-2032.00,-377.00,200.00,102.00,27.36
8.480308,8.39,11136.00,12344.00,-1832.00,-222.00,166.00,1.00,27.39
8.546149,8.04,11264.00,12208.00,-1860.00,-143.00,171.00,-13.00,27.41
8.6129,8.04,11256.00,12332.00,-1932.00,-125.00,151.00,-93.00,27.41
8.678937,7.02,11224.00,12232.00,-2152.00,-63.00,121.00,-331.00,27.5
8.745951,7.02,11256.00,12264.00,-2152.00,-78.00,121.00,-338.00,27.5
8.812096,6.63,10892.00,12344.00,-2248.00,-67.00,105.00,-387.00,27.54
8.87901,6.63,10724.00,12336.00,-2216.00,-127.00,123.00,-357.00,27.54
8.945039,5.16,10708.00,12284.00,-2316.00,-212.00,142.00,-268.00,27.65
9.011643,4.82,10700.00,12404.00,-2432.00,-269.00,204.00,-181.00,27.68
9.078564,3.65,10948.00,12356.00,-2076.00,-317.00,185.00,0.00,27.76
9.112577,3.65,10856.00,12364.00,-2024.00,-282.00,199.00,18.00,27.76
9.178321,3.93,11056.00,12276.00,-1968.00,-242.00,153.00,44.00,27.72
9.245365,3.93,11220.00,12348.00,-2040.00,-185.00,161.00,24.00,27.72
9.311809,2.92,11184.00,12328.00,-2008.00,-124.00,157.00,-30.00,27.83
9.378133,4.32,11212.00,12344.00,-2156.00,-149.00,145.00,-92.00,27.72
9.444651,3.54,11212.00,12284.00,-2360.00,-160.00,126.00,-296.00,27.77
9.511284,3.54,11212.00,12344.00,-2296.00,-161.00,143.00,-312.00,27.77
9.577332,0.50,11016.00,12356.00,-2244.00,-180.00,140.00,-338.00,28.03
9.644637,2.65,10884.00,12348.00,-2312.00,-238.00,123.00,-351.00,27.84
9.710894,5.47,10592.00,12248.00,-2156.00,-253.00,163.00,-256.00,27.63
9.777538,6.44,10712.00,12332.00,-2164.00,-240.00,164.00,-49.00,27.55
9.811561,6.44,10964.00,12392.00,-2108.00,-259.00,174.00,-49.00,27.55
9.877304,1.03,10772.00,12340.00,-2004.00,-216.00,158.00,2.00,27.97
9.943944,7.40,11088.00,12320.00,-2240.00,-139.00,163.00,14.00,27.48
10.01015,7.40,11124.00,12264.00,-2108.00,-172.00,141.00,-3.00,27.48
10.077566,6.92,11232.00,12264.00,-2280.00,-150.00,150.00,-127.00,27.5
10.143508,6.92,11160.00,12328.00,-2224.00,-153.00,153.00,-152.00,27.5
10.210537,1.87,11180.00,12376.00,-2272.00,-183.00,165.00,-234.00,27.92
10.27712,1.87,11112.00,12300.00,-2312.00,-241.00,112.00,-294.00,27.92
10.343248,8.99,10808.00,12400.00,-2224.00,-257.00,157.00,-291.00,27.36
10.410015,9.42,10884.00,12380.00,-2216.00,-275.00,164.00,-261.00,27.34
10.47665,9.42,10652.00,12456.00,-2172.00,-205.00,143.00,-214.00,27.34
10.543034,8.59,10904.00,12288.00,-2052.00,-199.00,152.00,-33.00,27.38
10.577238,8.87,10768.00,12252.00,-2076.00,-194.00,154.00,-7.00,27.37
10.64303,5.48,11092.00,12336.00,-2248.00,-152.00,134.00,-15.00,27.63
10.710003,9.10,11320.00,12456.00,-2268.00,-187.00,166.00,5.00,27.36
10.776711,4.62,11272.00,12268.00,-2240.00,-169.00,172.00,-117.00,27.7
10.842469,8.46,11264.00,12360.00,-2248.00,-216.00,151.00,-175.00,27.39
10.909828,8.46,11068.00,12468.00,-2260.00,-207.00,157.00,-207.00,27.39
10.975422,4.72,11008.00,12444.00,-2212.00,-199.00,175.00,-249.00,27.71
11.042049,8.67,11124.00,12352.00,-2248.00,-236.00,130.00,-276.00,27.39
11.108666,7.29,10800.00,12388.00,-2116.00,-229.00,133.00,-247.00,27.5
11.175247,7.29,10800.00,12384.00,-2012.00,-236.00,155.00,-218.00,27.5
11.241828,6.41,10796.00,12392.00,-2160.00,-194.00,159.00,-168.00,27.57
11.308565,6.96,10868.00,12336.00,-2156.00,-173.00,151.00,-39.00,27.52
11.356591,6.96,10816.00,12372.00,-2052.00,-176.00,128.00,-34.00,27.52
11.408655,6.52,11000.00,12272.00,-2328.00,-169.00,174.00,-23.00,27.57
11.475806,5.60,11164.00,12484.00,-2272.00,-219.00,177.00,-86.00,27.62
11.542293,5.34,11204.00,12312.00,-2188.00,-259.00,170.00,-116.00,27.67
11.607961,5.34,11220.00,12324.00,-2096.00,-235.00,191.00,-177.00,27.67
11.675366,4.65,11092.00,12380.00,-2156.00,-241.00,170.00,-204.00,27.73
11.742022,4.76,11104.00,12240.00,-2088.00,-278.00,178.00,-205.00,27.72
11.807639,4.20,10968.00,12360.00,-2104.00,-197.00,157.00,-207.00,27.76
11.874032,4.20,10916.00,12384.00,-2032.00,-203.00,173.00,-220.00,27.76
11.941028,3.90,10820.00,12408.00,-1972.00,-192.00,144.00,-195.00,27.8
12.006926,4.44,10604.00,12164.00,-2316.00,-123.00,139.00,-93.00,27.75
12.074352,4.44,11112.00,12436.00,-2284.00,-146.00,141.00,-82.00,27.75
12.14035,2.46,11060.00,12332.00,-2376.00,-193.00,174.00,-23.00,27.87
12.206665,3.81,11712.00,12476.00,-2800.00,-457.00,364.00,-352.00,27.79
12.246675,3.81,11720.00,12188.00,-2020.00,-454.00,141.00,-514.00,27.79
12.308011,2.77,10940.00,12132.00,-2132.00,-375.00,164.00,-619.00,27.87
12.373715,4.27,8448.00,12404.00,-784.00,-254.00,-25.00,217.00,27.75
12.440933,4.27,9228.00,12864.00,-600.00,276.00,656.00,83.00,27.75
12.50647,2.84,8968.00,12052.00,-1328.00,-9.00,297.00,755.00,27.87
12.572813,4.31,9656.00,12952.00,-3084.00,570.00,327.00,1358.00,27.75
12.639845,4.09,12228.00,12144.00,-2912.00,344.00,470.00,1228.00,27.77
12.705672,4.29,13428.00,11596.00,-3104.00,-111.00,292.00,892.00,27.76
12.739531,4.68,12904.00,12128.00,-3196.00,-541.00,307.00,-90.00,27.75
12.80702,5.37,12584.00,11956.00,-2668.00,-800.00,396.00,-905.00,27.68
12.873627,6.81,11036.00,12236.00,-1676.00,-869.00,156.00,-1342.00,27.43
12.939733,8.38,10820.00,12196.00,-1220.00,-780.00,184.00,-1438.00,27.43
13.006525,1.87,10540.00,12336.00,-1340.00,-510.00,68.00,-1219.00,27.93
13.072718,1.87,10260.00,12552.00,-1128.00,-58.00,77.00,-1079.00,27.62
13.138799,6.01,9688.00,12472.00,-1360.00,254.00,-35.00,-714.00,27.62
13.205568,9.87,9408.00,12528.00,-2328.00,658.00,44.00,799.00,27.32
13.271548,8.82,9604.00,12356.00,-2580.00,613.00,64.00,948.00,27.42
13.338483,8.82,10324.00,12452.00,-2872.00,475.00,81.00,1252.00,27.42
13.383514,5.13,11584.00,12128.00,-3300.00,97.00,205.00,1283.00,27.71
13.438689,8.14,12860.00,12116.00,-3456.00,-385.00,308.00,829.00,27.47
13.504704,8.22,13196.00,12056.00,-3188.00,-849.00,400.00,47.00,27.44
13.571719,9.03,12692.00,11900.00,-2448.00,-1202.00,438.00,-741.00,27.38
13.637755,8.65,11800.00,11996.00,-1664.00,-1204.00,334.00,-1155.00,27.41
13.70479,7.00,10768.00,12148.00,-596.00,-872.00,234.00,-1257.00,27.55
13.771786,5.22,9944.00,12448.00,-916.00,242.00,-15.00,-536.00,27.69
13.83814,4.96,10336.00,12480.00,-1512.00,595.00,-84.00,-149.00,27.74
13.904681,4.96,10300.00,12536.00,-1680.00,690.00,-50.00,-77.00,27.74
13.970674,5.70,10388.00,12540.00,-2852.00,542.00,10.00,364.00,27.63
14.017706,5.70,10512.00,12440.00,-3000.00,449.00,26.00,398.00,27.63
14.071727,3.70,11264.00,12196.00,-3400.00,-217.00,197.00,548.00,27.81
14.138283,3.70,11260.00,12216.00,-3272.00,-379.00,242.00,532.00,27.81
14.204103,3.59,11580.00,12228.00,-3232.00,-679.00,328.00,391.00,27.83
14.270443,2.36,12248.00,12152.00,-2656.00,-1009.00,422.00,85.00,27.91
14.336999,3.43,12388.00,12240.00,-2164.00,-1083.00,409.00,-309.00,27.82
14.403696,4.39,11148.00,12116.00,-996.00,-599.00,236.00,-959.00,27.76
14.469989,4.39,10816.00,12204.00,-828.00,-499.00,185.00,-932.00,27.76
14.536517,1.04,10224.00,12268.00,-668.00,-85.00,69.00,-811.00,28.04
14.570832,4.55,10100.00,12456.00,-1560.00,678.00,-49.00,-8.00,27.75
14.637676,4.55,10180.00,12520.00,-1940.00,739.00,-84.00,131.00,27.75
14.703714,0.07,10660.00,12508.00,-2488.00,704.00,-52.00,308.00,28.1
14.769605,6.97,11700.00,12376.00,-3436.00,-39.00,123.00,263.00,27.58
14.836723,6.97,11556.00,12312.00,-3576.00,-193.00,158.00,202.00,27.58
14.90282,1.89,11392.00,12260.00,-3392.00,-502.00,204.00,86.00,27.96
14.969229,6.88,11332.00,12204.00,-2332.00,-979.00,397.00,-185.00,27.55
15.035763,8.42,11468.00,12272.00,-2100.00,-994.00,391.00,-189.00,27.45
15.102793,8.42,11640.00,12380.00,-1800.00,-936.00,387.00,-238.00,27.9
15.168898,2.83,11240.00,12196.00,-1396.00,-710.00,271.00,-346.00,27.9
15.202912,8.88,10520.00,12032.00,-1176.00,94.00,82.00,-474.00,27.39
15.269189,8.68,10892.00,12408.00,-1092.00,184.00,36.00,-445.00,27.41
1.561251,3.21,11736.00,12064.00,-2268.00,-177.00,72.00,-808.00,27.96
1.72021,3.21,11588.00,12024.00,-2072.00,-205.00,84.00,-838.00,27.96
1.746232,3.38,11228.00,12188.00,-2104.00,-276.00,73.00,-889.00,27.95
1.803287,3.38,10784.00,12208.00,-2088.00,-246.00,115.00,-822.00,27.95
1.858306,0.76,10592.00,12280.00,-2152.00,-323.00,133.00,-691.00,28.16
1.902309,-1.09,10484.00,12332.00,-2248.00,-351.00,168.00,-444.00,28.31
1.960274,0.02,10340.00,12288.00,-2092.00,-399.00,182.00,-159.00,28.23
2.02577,0.02,10392.00,12280.00,-1872.00,-367.00,212.00,57.00,28.23
2.092269,0.92,10568.00,12296.00,-1732.00,-295.00,171.00,274.00,28.16
2.159359,-0.56,10804.00,12228.00,-1640.00,-167.00,171.00,419.00,28.29
2.225737,-0.56,11180.00,12176.00,-1536.00,-72.00,168.00,493.00,28.29
2.262622,-0.11,11496.00,12128.00,-1936.00,19.00,166.00,501.00,28.24
2.326536,-1.00,11756.00,12116.00,-2056.00,38.00,137.00,374.00,28.31
2.393125,-1.00,12136.00,12100.00,-2200.00,-39.00,139.00,247.00,28.31
2.458878,4.44,12168.00,12004.00,-2356.00,-167.00,135.00,-78.00,27.88
2.525769,8.27,12080.00,11940.00,-2240.00,-239.00,186.00,-408.00,27.56
2.591763,7.96,11852.00,12176.00,-2112.00,-285.00,138.00,-663.00,27.6
2.658998,8.56,11368.00,12068.00,-2104.00,-323.00,141.00,-764.00,27.55
2.725646,6.23,10552.00,12228.00,-2064.00,-319.00,131.00,-451.00,27.75
2.792084,6.23,10612.00,12272.00,-2036.00,-305.00,145.00,-366.00,27.75
2.858393,5.87,10548.00,12312.00,-1848.00,-242.00,152.00,-130.00,27.79
2.924278,6.26,11032.00,12176.00,-1752.00,-61.00,144.00,342.00,27.76
2.991113,6.26,10992.00,12240.00,-1800.00,-7.00,127.00,340.00,27.76
3.025151,5.24,11716.00,12144.00,-2148.00,-91.00,161.00,322.00,27.82
3.091563,5.24,11696.00,12092.00,-2224.00,-115.00,166.00,250.00,27.82
3.157676,4.85,11812.00,11980.00,-2216.00,-196.00,185.00,97.00,27.86
3.224696,4.46,12020.00,12036.00,-2228.00,-281.00,185.00,-134.00,27.86
3.291176,3.34,11852.00,12048.00,-2160.00,-343.00,169.00,-402.00,27.98
3.357931,3.73,11160.00,12104.00,-2056.00,-316.00,154.00,-667.00,27.94
3.424014,3.73,10900.00,12052.00,-1800.00,-313.00,133.00,-631.00,27.94
3.490268,2.71,10864.00,12264.00,-2020.00,-261.00,185.00,-543.00,28.04
3.557282,0.71,10412.00,12068.00,-1836.00,-231.00,124.00,-324.00,28.18
3.623463,3.52,10920.00,12216.00,-1896.00,-52.00,140.00,132.00,27.97
3.690192,3.52,10888.00,12332.00,-1760.00,-52.00,128.00,211.00,27.97
3.723188,0.87,11128.00,12184.00,-2152.00,-19.00,148.00,281.00,28.19
3.790119,4.08,11764.00,12064.00,-2344.00,-241.00,188.00,164.00,27.94
3.856889,4.08,11820.00,12040.00,-2348.00,-248.00,221.00,126.00,27.94
3.923227,0.86,11844.00,12076.00,-2096.00,-318.00,184.00,6.00,28.19
3.989363,4.26,11820.00,12040.00,-2140.00,-361.00,194.00,-226.00,27.94
4.05632,6.14,11336.00,12148.00,-1912.00,-285.00,174.00,-502.00,27.78
4.122881,6.14,11312.00,12156.00,-1896.00,-315.00,194.00,-532.00,27.78
4.189793,0.91,11112.00,12156.00,-1876.00,-273.00,153.00,-475.00,28.2
4.255874,4.99,10740.00,12216.00,-1704.00,-124.00,144.00,-267.00,27.62
4.321835,7.97,10720.00,12304.00,-1704.00,-79.00,119.00,-192.00,27.62
4.388873,3.34,10864.00,12136.00,-1880.00,-69.00,74.00,-21.00,27.98
4.422871,3.34,11056.00,12428.00,-2064.00,-34.00,176.00,144.00,27.62
4.488964,8.82,11420.00,12176.00,-2252.00,-186.00,210.00,206.00,27.55
4.555321,8.70,11468.00,12112.00,-2304.00,-260.00,160.00,155.00,27.58
4.62233,8.70,11812.00,12068.00,-2228.00,-265.00,189.00,77.00,27.99
4.688223,3.30,11820.00,11988.00,-2004.00,-326.00,209.00,-82.00,27.99
4.754774,8.57,11660.00,12040.00,-1952.00,-328.00,186.00,-256.00,27.57
4.821299,8.47,11352.00,12084.00,-1912.00,-327.00,196.00,-415.00,27.59
4.887624,8.32,11100.00,12184.00,-1820.00,-189.00,116.00,-430.00,27.6
4.954305,8.97,11108.00,12104.00,-1780.00,-177.00,124.00,-373.00,27.56
5.020998,8.97,10968.00,12180.00,-1820.00,-93.00,158.00,-304.00,27.56
5.087521,8.28,10960.00,12220.00,-2132.00,-12.00,155.00,-31.00,27.61
5.121528,8.28,10992.00,12212.00,-2040.00,-41.00,126.00,6.00,27.65
5.187745,7.95,11092.00,12152.00,-2260.00,-96.00,154.00,83.00,27.65
5.254835,6.94,11312.00,12044.00,-2200.00,-309.00,210.00,81.00,27.73
5.320833,6.94,11544.00,12060.00,-2132.00,-355.00,208.00,63.00,27.73
5.386866,6.21,11676.00,12144.00,-2048.00,-365.00,192.00,-23.00,27.78
5.453791,7.79,11632.00,12204.00,-1920.00,-384.00,214.00,-136.00,27.65
5.520211,3.70,11632.00,12056.00,-1948.00,-347.00,202.00,-283.00,27.95
5.58637,4.01,11504.00,12160.00,-1740.00,-305.00,190.00,-348.00,27.97
5.653811,3.79,11084.00,12116.00,-1820.00,-102.00,109.00,-314.00,27.99
5.69382,3.79,11072.00,12120.00,-1792.00,-68.00,130.00,-300.00,27.99
5.753483,3.64,11092.00,12112.00,-1968.00,-8.00,52.00,-89.00,28.0
5.820021,3.64,11020.00,12140.00,-2120.00,-42.00,104.00,-87.00,28.0
5.886284,1.87,11108.00,12256.00,-2088.00,-69.00,107.00,10.00,28.14
5.95305,4.29,11268.00,12132.00,-2232.00,-285.00,174.00,56.00,27.95
6.019278,4.29,11244.00,12008.00,-2144.00,-290.00,184.00,52.00,27.95
6.086657,0.92,11416.00,12100.00,-2176.00,-345.00,189.00,-22.00,28.22
6.153136,3.52,11468.00,12144.00,-2108.00,-362.00,179.00,-105.00,28.01
6.219182,7.01,11428.00,12132.00,-1784.00,-315.00,141.00,-272.00,27.74
6.253191,7.01,11452.00,12180.00,-1812.00,-287.00,149.00,-312.00,27.74
6.319641,1.46,11328.00,12144.00,-1656.00,-242.00,113.00,-296.00,28.17
6.386041,6.40,11316.00,12220.00,-1832.00,-129.00,97.00,-313.00,27.79
6.452917,8.21,11036.00,12032.00,-2156.00,-17.00,109.00,-181.00,27.65
6.518548,8.61,11028.00,12240.00,-2148.00,-40.00,125.00,-153.00,27.61
6.585387,3.56,11316.00,12272.00,-2332.00,-167.00,176.00,-7.00,28.01
6.65199,8.84,11028.00,12180.00,-2324.00,-187.00,158.00,1.00,27.6
6.719221,8.84,11152.00,12148.00,-2164.00,-261.00,183.00,30.00,27.6
6.784487,3.50,11428.00,12056.00,-2068.00,-352.00,189.00,-28.00,28.02
6.851711,8.77,11456.00,12040.00,-1880.00,-338.00,207.00,-136.00,27.61
6.917879,8.86,11528.00,12136.00,-1948.00,-318.00,204.00,-159.00,27.59
6.951872,8.86,11508.00,12068.00,-1756.00,-290.00,170.00,-198.00,27.59
7.019115,5.30,11288.00,12144.00,-1932.00,-208.00,169.00,-243.00,27.89
7.085226,7.46,11180.00,12168.00,-2004.00,-70.00,140.00,-281.00,27.73
7.151574,7.46,11220.00,12228.00,-2048.00,-42.00,127.00,-267.00,27.77
7.218284,7.62,11124.00,12192.00,-2260.00,-95.00,152.00,-144.00,27.71
7.285155,6.77,11092.00,12160.00,-2204.00,-135.00,113.00,-127.00,27.76
7.351179,6.77,11144.00,12192.00,-2264.00,-206.00,157.00,-46.00,27.76
7.417759,6.12,11400.00,12076.00,-2180.00,-330.00,198.00,-19.00,27.81
7.484271,6.12,11324.00,12116.00,-1808.00,-305.00,175.00,13.00,27.81
7.551047,5.31,14292.00,10384.00,2112.00,-229.00,-721.00,-1114.00,27.89
7.61735,5.91,11160.00,14372.00,292.00,379.00,-632.00,296.00,27.83
7.683452,4.75,10976.00,9440.00,-10036.00,-505.00,3494.00,-3229.00,27.92
7.750526,4.75,7248.00,12104.00,-3532.00,-237.00,-2914.00,-1937.00,27.92
7.783535,4.39,13784.00,13548.00,-484.00,330.00,16.00,-1177.00,27.96
7.850517,4.37,11300.00,11560.00,-2068.00,709.00,187.00,223.00,27.96
7.917223,3.89,11696.00,11484.00,-2936.00,-121.00,51.00,-74.00,27.99
7.98403,3.89,11228.00,11432.00,-1792.00,497.00,-127.00,-674.00,27.99
8.050181,3.52,10200.00,13456.00,-3636.00,-188.00,182.00,159.00,28.03
8.117107,4.10,10904.00,12244.00,-3712.00,71.00,284.00,-373.00,27.97
8.183077,3.64,11368.00,11976.00,-3000.00,127.00,447.00,-441.00,28.02
8.249687,3.64,10468.00,12812.00,-3916.00,-144.00,88.00,-503.00,28.02
8.316289,1.16,11040.00,12180.00,-2772.00,-256.00,107.00,-40.00,28.21
8.381897,3.53,10000.00,12844.00,-2784.00,-581.00,92.00,-106.00,28.05
8.415905,3.67,10808.00,12216.00,-2556.00,-791.00,87.00,-314.00,28.02
8.482755,4.41,10756.00,12756.00,-2132.00,45.00,-11.00,-204.00,27.97
8.549805,4.41,10772.00,12680.00,-2308.00,155.00,28.00,-243.00,27.97
8.615616,0.07,10760.00,12384.00,-2460.00,336.00,-92.00,-79.00,28.32
8.682269,4.47,10608.00,12480.00,-3212.00,424.00,-22.00,-259.00,27.95
8.74928,5.80,11124.00,11756.00,-3448.00,196.00,-108.00,191.00,27.86
8.815306,6.41,10328.00,13060.00,-2472.00,-19.00,-101.00,-117.00,27.81
8.881829,6.62,11048.00,12568.00,-3244.00,-499.00,303.00,312.00,27.71
8.947901,7.71,10680.00,12204.00,-2868.00,-683.00,284.00,274.00,27.71
9.014431,7.71,7776.00,14592.00,-7100.00,-467.00,2188.00,-765.00,28.05
9.048461,3.59,12820.00,9548.00,-2696.00,-765.00,1477.00,-371.00,28.05
9.115241,9.06,10256.00,13612.00,-2064.00,-1198.00,493.00,142.00,27.6
9.182356,8.28,10772.00,14100.00,-1872.00,127.00,883.00,3126.00,27.67
9.248441,8.59,16272.00,8596.00,-5744.00,-1037.00,-1027.00,281.00,27.65
9.314862,8.59,7588.00,14860.00,-512.00,-255.00,146.00,-481.00,27.65
9.381014,8.57,11776.00,13104.00,-3316.00,206.00,489.00,2904.00,27.66
9.44813,8.95,16844.00,8656.00,-236.00,-816.00,-908.00,-283.00,27.64
9.514677,6.09,9376.00,11240.00,-2180.00,-16.00,502.00,-522.00,27.85
9.580379,8.85,8432.00,13292.00,-1600.00,313.00,619.00,454.00,27.66
9.646988,8.85,11412.00,12628.00,-2220.00,207.00,249.00,951.00,27.66
9.713113,8.25,10892.00,12724.00,-3260.00,-513.00,-294.00,-324.00,27.71
9.780466,7.31,10796.00,11912.00,-2264.00,-598.00,-266.00,-266.00,27.77
9.821489,7.31,10636.00,12352.00,-3160.00,-302.00,-403.00,-177.00,27.77
9.880706,7.22,10104.00,12764.00,-2204.00,-102.00,-429.00,-188.00,27.78
9.947667,4.95,11952.00,11940.00,-3660.00,-589.00,-115.00,44.00,27.94
10.014766,4.95,11716.00,12508.00,-3632.00,-854.00,-108.00,-479.00,27.94
10.080423,4.36,10336.00,12596.00,-2388.00,-685.00,169.00,-443.00,27.99
10.147288,5.11,11908.00,11420.00,-1620.00,-901.00,-132.00,109.00,27.93
10.213797,5.11,11312.00,12676.00,-1460.00,-609.00,-288.00,-394.00,27.93
10.280197,7.01,11284.00,11740.00,-2704.00,-289.00,-98.00,-444.00,27.79
10.346083,7.01,11100.00,12280.00,-2048.00,191.00,-157.00,-801.00,27.79
10.413223,6.11,8400.00,12544.00,-2316.00,-187.00,663.00,-565.00,27.86
10.479274,4.31,9916.00,13384.00,-2356.00,883.00,-295.00,902.00,28.0
10.545287,5.09,12112.00,12380.00,-2652.00,80.00,22.00,3.00,27.92
10.580342,5.09,12868.00,11376.00,-3264.00,117.00,516.00,-340.00,27.92
10.645645,4.40,10628.00,12936.00,-3000.00,26.00,145.00,-362.00,28.0
10.712393,3.47,10972.00,12360.00,-3076.00,-161.00,91.00,-686.00,28.08
10.779022,3.47,10876.00,11996.00,-3164.00,-216.00,126.00,-769.00,28.08
10.845761,3.37,10664.00,12304.00,-2532.00,-131.00,373.00,-667.00,28.08
10.912104,3.88,10324.00,12284.00,-2764.00,113.00,281.00,-782.00,28.04
10.979004,3.88,10544.00,12220.00,-2468.00,153.00,221.00,-827.00,28.04
11.045033,0.51,9452.00,12856.00,-2976.00,364.00,306.00,-611.00,28.31
11.112218,4.29,10088.00,12552.00,-3020.00,182.00,4.00,184.00,28.0
11.145329,4.29,8952.00,12732.00,-4428.00,251.00,90.00,77.00,28.0
11.21223,5.62,10668.00,12580.00,-3316.00,84.00,378.00,327.00,27.91
11.27797,5.62,10496.00,12692.00,-3388.00,-29.00,65.00,445.00,27.91
11.345292,1.01,11088.00,12228.00,-3980.00,-263.00,367.00,323.00,28.28
11.41109,6.21,11096.00,12372.00,-3844.00,-574.00,319.00,395.00,27.87
11.477683,6.21,11204.00,12460.00,-3156.00,-747.00,322.00,-155.00,27.87
11.544637,7.99,11456.00,12192.00,-2388.00,-649.00,-8.00,-239.00,27.72
11.610805,7.92,10544.00,12756.00,-2320.00,13.00,78.00,-623.00,27.72
11.644072,8.25,10404.00,12764.00,-2456.00,68.00,137.00,-393.00,27.7
11.71117,8.25,11048.00,12612.00,-2712.00,141.00,98.00,-618.00,27.7
11.778151,9.00,10024.00,12724.00,-2988.00,59.00,-10.00,-160.00,27.63
11.843855,8.88,9616.00,12748.00,-3140.00,23.00,192.00,-32.00,27.64
11.910285,8.93,9860.00,12716.00,-3032.00,45.00,36.00,210.00,27.65
11.976406,8.93,10344.00,12264.00,-3456.00,-51.00,138.00,149.00,27.65
12.043352,7.31,10780.00,12484.00,-3392.00,-445.00,51.00,394.00,27.77
12.077711,6.00,10996.00,12652.00,-2888.00,-445.00,-11.00,43.00,27.89
12.143706,9.46,11592.00,12392.00,-2268.00,-392.00,-109.00,47.00,27.61
12.209859,9.46,10932.00,12384.00,-2812.00,-211.00,221.00,-569.00,27.61
12.276489,0.89,11000.00,11332.00,-2424.00,39.00,173.00,-281.00,28.29
12.34309,1.01,9192.00,12312.00,-7744.00,-1690.00,-456.00,-208.00,28.29
12.40951,4.23,11480.00,12312.00,-1264.00,298.00,-366.00,-154.00,28.04
12.475946,4.23,9844.00,10420.00,-3608.00,274.00,-682.00,-664.00,28.04
12.543083,-0.14,8768.00,13504.00,-6212.00,244.00,-154.00,-351.00,28.37
12.610048,6.02,10304.00,12280.00,-3016.00,119.00,747.00,194.00,27.87
12.675803,6.02,11572.00,11888.00,-4764.00,106.00,-331.00,129.00,27.87
12.742271,0.89,10876.00,13868.00,-2236.00,-201.00,414.00,122.00,28.29
12.776197,5.73,12260.00,11676.00,-4044.00,-326.00,-70.00,90.00,27.9
12.84327,6.21,10468.00,13500.00,-3712.00,-715.00,275.00,-821.00,27.87
12.910076,7.42,12452.00,13016.00,-2652.00,-458.00,-29.00,329.00,27.78
12.97631,7.42,11624.00,12844.00,-2180.00,-476.00,-13.00,81.00,27.78
13.042215,2.66,11600.00,12388.00,-2732.00,-349.00,104.00,-406.00,28.14
13.109022,8.25,10484.00,12256.00,-3088.00,-300.00,75.00,-403.00,27.71
13.175349,8.25,10640.00,12828.00,-2940.00,-331.00,133.00,-382.00,27.71
13.241921,3.17,11064.00,12156.00,-1088.00,-259.00,177.00,-233.00,28.11
13.308041,3.17,10096.00,12936.00,-2580.00,-283.00,274.00,-158.00,28.11
13.374306,9.39,10560.00,12308.00,-2620.00,-81.00,16.00,-183.00,27.63
13.441163,8.83,10228.00,12332.00,-3288.00,-38.00,385.00,-220.00,27.69
13.507981,5.15,10796.00,12736.00,-2128.00,-238.00,103.00,-126.00,27.98
13.574307,10.01,10472.00,12284.00,-2700.00,-112.00,79.00,-429.00,27.57
13.608212,10.01,8320.00,12356.00,-2452.00,-63.00,98.00,-310.00,27.57
13.67438,3.90,10516.00,12860.00,-2920.00,10.00,70.00,152.00,28.06
13.740872,8.84,10160.00,13280.00,-3612.00,164.00,119.00,199.00,27.68
13.807317,8.90,11524.00,12264.00,-3080.00,145.00,114.00,412.00,27.67
13.874056,8.90,8344.00,12256.00,-6856.00,245.00,168.00,52.00,27.67
13.940388,7.70,11548.00,11996.00,-4256.00,159.00,206.00,-725.00,27.76
14.007055,5.60,11144.00,12404.00,-2196.00,-787.00,230.00,-625.00,27.92
14.073507,5.60,11600.00,12576.00,-2076.00,-631.00,465.00,-929.00,27.92
14.106781,4.88,8068.00,12764.00,-4280.00,-958.00,280.00,-708.00,27.99
14.174448,4.16,11420.00,11992.00,-2724.00,-692.00,388.00,-920.00,28.06
14.240968,2.99,11936.00,12576.00,-2584.00,100.00,832.00,215.00,28.15
14.306572,3.16,10412.00,13036.00,-3576.00,-368.00,330.00,311.00,28.13
14.373397,3.16,11204.00,12132.00,-3852.00,-477.00,86.00,98.00,28.13
14.440213,2.38,9872.00,13016.00,-3068.00,-798.00,-181.00,-616.00,28.19
14.506211,2.38,9828.00,12840.00,-2852.00,-982.00,42.00,-463.00,28.19
14.573055,1.91,9712.00,13020.00,-2380.00,-843.00,142.00,-58.00,28.22
14.638822,0.61,10500.00,12160.00,-1616.00,-591.00,110.00,15.00,28.32
14.705536,2.38,10480.00,13200.00,-3660.00,-536.00,-89.00,-570.00,28.19
14.740527,2.38,10412.00,13780.00,-2484.00,-564.00,146.00,-218.00,28.19
14.806749,0.21,11908.00,12536.00,-2988.00,-361.00,-477.00,-57.00,28.36
14.873482,2.78,10376.00,12356.00,-1664.00,-377.00,395.00,-7.00,28.16
14.939501,5.23,10572.00,12808.00,-3408.00,216.00,120.00,30.00,27.98
15.005977,5.23,11104.00,12740.00,-3452.00,4.00,184.00,34.00,27.98
15.07215,1.88,10332.00,12944.00,-3008.00,-165.00,-76.00,-494.00,28.25
15.138228,6.17,9764.00,12904.00,-2332.00,-52.00,272.00,-183.00,27.9
15.205035,6.17,9852.00,12992.00,-2568.00,-75.00,275.00,35.00,27.9
15.241965,6.17,10684.00,12472.00,-2848.00,77.00,282.00,45.00,28.24
15.305326,7.21,9776.00,13044.00,-2500.00,-28.00,-109.00,-107.00,27.82
15.371473,6.98,10132.00,12652.00,-2792.00,-43.00,276.00,-36.00,27.86
15.438382,6.98,10396.00,12656.00,-3000.00,1.00,-5.00,-169.00,27.86
15.5043,4.26,10852.00,12468.00,-3060.00,-177.00,198.00,-203.00,28.06
15.571608,7.11,10376.00,12676.00,-3152.00,-196.00,193.00,-142.00,27.85
15.637995,6.88,10516.00,12708.00,-3160.00,-214.00,122.00,-233.00,27.88
15.70455,5.56,10248.00,12620.00,-2704.00,-210.00,110.00,-179.00,27.97
15.770325,3.60,10152.00,12724.00,-2988.00,-246.00,139.00,23.00,28.13
15.806332,3.60,11212.00,12536.00,-2396.00,-222.00,239.00,-9.00,28.13
15.871866,2.72,10736.00,12864.00,-3000.00,-135.00,29.00,-153.00,28.19
15.937274,2.91,9712.00,12576.00,-2820.00,-127.00,71.00,-115.00,28.19
16.003786,2.91,10364.00,12672.00,-3056.00,-86.00,12.00,0.00,28.19
16.070352,2.65,10132.00,12760.00,-3092.00,-11.00,-179.00,-308.00,28.19
16.137241,2.81,9908.00,13236.00,-3612.00,-490.00,26.00,-392.00,28.18
16.203335,2.81,9976.00,13292.00,-3348.00,-535.00,260.00,-228.00,28.18
16.270032,1.14,10960.00,12584.00,-3228.00,-885.00,48.00,-292.00,28.31
16.336595,3.40,9996.00,12652.00,-2228.00,-407.00,141.00,-369.00,28.13
16.371608,3.40,10148.00,12624.00,-2116.00,-361.00,55.00,-361.00,28.13
16.437734,-0.40,8984.00,13076.00,-2336.00,143.00,181.00,-134.00,28.43
16.503345,3.22,10664.00,12744.00,-2380.00,239.00,475.00,-173.00,28.16
16.56957,3.91,10140.00,13064.00,-3476.00,171.00,-13.00,-197.00,28.1
16.636158,4.45,10400.00,12468.00,-3464.00,-95.00,-4.00,-481.00,28.06
16.702233,5.75,9884.00,12724.00,-2904.00,-87.00,-66.00,-323.00,27.96
16.769375,6.11,9468.00,13188.00,-2760.00,85.00,196.00,-337.00,27.92
16.83539,6.07,9648.00,12768.00,-3260.00,43.00,350.00,117.00,27.83
16.869397,7.09,10980.00,12964.00,-3312.00,24.00,399.00,-98.00,27.83
16.935469,7.94,10904.00,12956.00,-3520.00,-148.00,169.00,-269.00,27.79
17.002283,7.68,10752.00,12496.00,-3048.00,-221.00,178.00,-519.00,27.79
17.068828,7.83,10208.00,12664.00,-2728.00,-90.00,51.00,-665.00,27.78
17.135001,7.41,9608.00,12440.00,-3148.00,233.00,120.00,-227.00,27.8
17.202014,7.73,9796.00,12744.00,-3000.00,151.00,229.00,-341.00,27.8
17.268129,7.73,9848.00,13108.00,-3164.00,243.00,232.00,-71.00,27.8
17.335341,5.42,10012.00,12992.00,-3760.00,45.00,274.00,-47.00,27.98
17.369352,7.29,9812.00,12940.00,-3392.00,-207.00,54.00,-284.00,27.83
17.435072,7.05,9852.00,12520.00,-3648.00,-186.00,185.00,-351.00,27.87
17.501474,5.79,10124.00,13132.00,-2964.00,-94.00,180.00,-258.00,27.96
17.56902,4.90,9316.00,12980.00,-3192.00,-68.00,188.00,-123.00,28.04
17.634391,4.53,9896.00,12784.00,-3552.00,-206.00,112.00,-33.00,28.06
17.701134,3.54,10408.00,12888.00,-3500.00,-349.00,105.00,-32.00,28.13
17.767631,3.30,9316.00,12704.00,-2992.00,-313.00,58.00,-190.00,28.15
17.834305,3.30,9040.00,12680.00,-3164.00,-243.00,184.00,-81.00,28.15
17.90077,1.16,10692.00,12596.00,-3184.00,-251.00,397.00,6.00,28.32
17.943783,2.98,10156.00,12772.00,-3584.00,-262.00,169.00,144.00,28.16
18.001577,3.64,10272.00,12884.00,-3092.00,-372.00,307.00,58.00,28.13
18.068184,3.64,10656.00,12700.00,-2948.00,-356.00,225.00,-27.00,28.13
18.133742,0.49,9808.00,12840.00,-3000.00,-348.00,-31.00,-121.00,28.38
18.200832,4.11,10148.00,12604.00,-2844.00,-232.00,96.00,-82.00,28.09
18.266894,6.96,9952.00,12804.00,-3088.00,-102.00,249.00,25.00,27.87
18.333238,7.07,10272.00,12872.00,-2824.00,-43.00,43.00,-16.00,27.81
18.399841,7.97,10224.00,12568.00,-3384.00,-105.00,26.00,-239.00,27.79
18.442833,7.84,10308.00,12612.00,-3596.00,-121.00,63.00,-370.00,27.81
18.500852,7.84,10332.00,13452.00,-3240.00,-115.00,38.00,-398.00,27.81
18.566533,3.12,10788.00,12304.00,-3048.00,-436.00,106.00,-399.00,28.18
1.57014,3.50,10388.00,11916.00,-3184.00,-729.00,-541.00,-582.00,28.23
1.712155,3.50,11120.00,12024.00,-2748.00,-789.00,-421.00,-338.00,28.23
1.74318,3.56,10456.00,12888.00,-3284.00,-970.00,-277.00,-676.00,28.23
1.810189,-0.59,10964.00,11752.00,-1360.00,-813.00,-504.00,-51.00,28.57
1.841202,-0.59,10152.00,12224.00,-1384.00,-492.00,247.00,-428.00,28.45
1.901549,0.57,10900.00,11916.00,-2032.00,-26.00,292.00,68.00,28.45
1.968534,-0.10,10396.00,12496.00,-2008.00,165.00,195.00,-327.00,28.51
2.034807,0.85,11148.00,12140.00,-2708.00,242.00,85.00,-5.00,28.44
2.101072,0.85,10828.00,12388.00,-2932.00,290.00,192.00,-261.00,28.44
2.167043,2.97,11056.00,12112.00,-3456.00,178.00,225.00,167.00,28.29
2.234178,0.74,11004.00,12104.00,-3580.00,-83.00,143.00,-307.00,28.45
2.300003,0.74,10132.00,12068.00,-3820.00,-395.00,-47.00,-139.00,28.45
2.367115,-0.22,10560.00,12692.00,-3800.00,-321.00,-201.00,-664.00,28.52
2.403091,8.59,11852.00,12040.00,-2492.00,-469.00,135.00,-520.00,27.82
2.467815,8.33,10704.00,12204.00,-2584.00,-359.00,-102.00,-678.00,27.85
2.534162,7.27,10588.00,12360.00,-2844.00,-124.00,347.00,23.00,27.93
2.600833,7.27,10992.00,12220.00,-3164.00,-154.00,305.00,-12.00,27.93
2.666824,2.59,10932.00,12272.00,-2768.00,-79.00,118.00,-121.00,28.3
2.732932,6.86,10592.00,12412.00,-2956.00,-418.00,-62.00,-201.00,27.95
2.800152,7.37,10824.00,12352.00,-2356.00,-101.00,197.00,-105.00,27.88
2.866807,8.08,10680.00,12380.00,-2816.00,-116.00,180.00,-179.00,27.88
2.932896,3.32,10764.00,12080.00,-3364.00,55.00,135.00,-28.00,28.25
2.999429,7.65,10812.00,12048.00,-3256.00,-489.00,-4.00,-84.00,27.89
3.066109,8.19,10888.00,12748.00,-2640.00,-483.00,-13.00,-82.00,27.86
3.101133,4.42,11532.00,12268.00,-2892.00,-448.00,15.00,-292.00,28.16
3.165828,4.42,10560.00,11988.00,-2364.00,-215.00,94.00,60.00,27.89
3.232424,8.11,10264.00,12692.00,-2880.00,33.00,149.00,101.00,27.81
3.299895,8.35,11760.00,12156.00,-2872.00,-3.00,-92.00,-146.00,27.86
3.365979,8.62,11332.00,12312.00,-3040.00,-21.00,-87.00,-290.00,27.83
3.432505,8.62,10500.00,12452.00,-3072.00,-22.00,51.00,-234.00,27.83
3.498898,7.11,10260.00,12152.00,-3096.00,-34.00,44.00,-123.00,27.95
3.564813,7.84,10572.00,12308.00,-3084.00,-16.00,155.00,38.00,27.88
3.599842,6.85,11460.00,12496.00,-3532.00,28.00,251.00,61.00,27.97
3.666048,5.44,11036.00,12680.00,-3588.00,-76.00,149.00,-38.00,28.07
3.732437,4.73,11088.00,12284.00,-3728.00,-253.00,109.00,-202.00,28.12
3.798261,4.02,10972.00,12060.00,-3436.00,-391.00,308.00,-204.00,28.19
3.865193,3.20,11504.00,11360.00,-3312.00,-533.00,446.00,485.00,28.26
3.930913,3.59,9848.00,12464.00,-2296.00,-331.00,390.00,-311.00,28.25
3.998017,3.59,6880.00,11600.00,-1168.00,-425.00,-126.00,-16.00,28.25
4.064427,0.57,10304.00,12124.00,-2608.00,-337.00,182.00,-226.00,28.48
4.130461,3.35,10968.00,12080.00,-2576.00,-101.00,45.00,51.00,28.27
4.165217,3.35,10484.00,12564.00,-2404.00,43.00,183.00,70.00,28.27
4.231034,-0.37,10984.00,12040.00,-3208.00,96.00,154.00,500.00,28.55
4.297438,4.03,10968.00,12548.00,-2984.00,7.00,257.00,274.00,28.21
4.364722,4.79,11300.00,12244.00,-2664.00,20.00,164.00,67.00,28.16
4.431119,6.91,11044.00,12060.00,-3240.00,-349.00,122.00,141.00,27.99
4.498056,6.91,11292.00,11860.00,-3180.00,-353.00,120.00,109.00,27.99
4.564041,2.47,11272.00,12368.00,-2924.00,-466.00,212.00,-3.00,28.34
4.630216,2.47,11740.00,11100.00,-2872.00,-400.00,164.00,-59.00,28.34
4.664873,3.36,11272.00,12524.00,-2964.00,-474.00,142.00,-543.00,28.26
4.730037,8.93,11656.00,11796.00,-3048.00,-533.00,233.00,-511.00,27.83
4.797018,8.62,11400.00,11668.00,-3036.00,-559.00,56.00,-91.00,27.86
4.864237,8.77,10852.00,11776.00,-2364.00,-16.00,210.00,-119.00,27.85
4.93042,8.65,11520.00,11936.00,-2620.00,-1.00,152.00,-215.00,27.89
4.996802,8.15,11124.00,12564.00,-2712.00,103.00,190.00,-48.00,27.89
5.062916,7.71,11272.00,11860.00,-3012.00,-50.00,85.00,59.00,27.92
5.096942,7.71,10812.00,11864.00,-2716.00,0.00,29.00,-3.00,27.92
5.163697,6.76,10668.00,12312.00,-3248.00,-27.00,206.00,211.00,27.99
5.230284,6.76,10912.00,12336.00,-2832.00,-11.00,136.00,396.00,27.99
5.296146,6.33,11652.00,11936.00,-3268.00,-41.00,108.00,201.00,28.05
5.363032,6.09,11584.00,11860.00,-3556.00,-147.00,139.00,226.00,28.06
5.429042,5.31,11548.00,12020.00,-3156.00,-260.00,124.00,-44.00,28.11
5.495016,4.11,10680.00,11460.00,-3524.00,-380.00,155.00,-350.00,28.21
5.561666,3.88,11764.00,12192.00,-2400.00,-404.00,194.00,-199.00,28.22
5.629135,3.69,11232.00,11892.00,-2792.00,-329.00,80.00,-479.00,28.22
5.69499,3.69,10872.00,12000.00,-2896.00,-300.00,168.00,-503.00,28.22
5.761555,-0.39,8368.00,11204.00,-4156.00,-195.00,205.00,-418.00,28.57
5.796074,5.20,10972.00,11684.00,-1664.00,-36.00,-21.00,-24.00,28.12
5.862629,5.20,10716.00,12164.00,-2404.00,65.00,212.00,110.00,28.12
5.928961,6.26,11116.00,12140.00,-2940.00,40.00,-34.00,251.00,28.05
5.995012,6.26,11632.00,11788.00,-3052.00,79.00,60.00,158.00,28.05
6.061537,6.61,11392.00,11796.00,-2904.00,-192.00,7.00,55.00,28.02
6.127652,6.61,12104.00,12472.00,-2928.00,-241.00,80.00,76.00,28.02
6.194815,6.61,11940.00,11992.00,-2872.00,-164.00,170.00,-10.00,28.37
6.237846,2.56,11696.00,12136.00,-2900.00,-192.00,115.00,-141.00,28.37
6.294282,8.93,11632.00,12000.00,-3044.00,-191.00,138.00,-452.00,27.84
6.361639,8.59,11084.00,10628.00,-4216.00,-157.00,286.00,-515.00,27.87
6.427907,8.47,10584.00,12100.00,-2964.00,-333.00,55.00,-354.00,27.88
6.494079,7.88,10456.00,13060.00,-2916.00,-103.00,-183.00,-201.00,27.94
6.560453,7.88,10680.00,12096.00,-3128.00,-186.00,188.00,-22.00,27.94
6.626666,6.59,10988.00,12188.00,-3648.00,90.00,168.00,104.00,28.02
6.694,6.65,11552.00,11704.00,-3488.00,-137.00,84.00,299.00,28.03
6.75982,6.19,12000.00,11760.00,-3612.00,-214.00,139.00,58.00,28.08
6.826914,6.05,11628.00,11796.00,-3152.00,-309.00,168.00,-202.00,28.08
6.893203,6.05,11428.00,12000.00,-3076.00,-319.00,188.00,-242.00,28.08
6.959779,6.11,11856.00,11688.00,-3004.00,-309.00,108.00,-350.00,28.09
6.993786,5.77,10980.00,12104.00,-3028.00,-284.00,106.00,-366.00,28.11
7.060928,4.75,10968.00,12004.00,-3120.00,-218.00,168.00,-475.00,28.17
7.127043,3.76,10728.00,12140.00,-3164.00,-218.00,96.00,-211.00,28.26
7.1931,3.76,10304.00,11692.00,-3052.00,-187.00,177.00,-276.00,28.26
7.260021,3.28,10152.00,11824.00,-2568.00,-165.00,31.00,-215.00,28.3
7.325508,3.73,10424.00,11628.00,-3212.00,-120.00,79.00,-6.00,28.26
7.392772,3.16,11224.00,11852.00,-3444.00,-91.00,65.00,246.00,28.31
7.459581,3.16,11292.00,11792.00,-3612.00,-157.00,203.00,251.00,28.31
7.525927,1.40,11616.00,11952.00,-3324.00,-203.00,145.00,162.00,28.43
7.59194,2.78,11704.00,11800.00,-3144.00,-337.00,184.00,-198.00,28.31
7.658345,4.01,11740.00,11704.00,-3048.00,-350.00,105.00,-375.00,28.25
7.693335,3.89,11208.00,12140.00,-2976.00,-276.00,92.00,-487.00,28.26
7.758776,4.77,10268.00,11824.00,-2668.00,-255.00,184.00,-190.00,28.18
7.826135,4.77,11508.00,12080.00,-3100.00,-14.00,41.00,-226.00,28.18
7.891909,0.43,10260.00,12244.00,-2920.00,-175.00,144.00,-54.00,28.53
7.958205,5.36,11024.00,11788.00,-3488.00,-108.00,90.00,164.00,28.15
8.024928,5.36,11220.00,11912.00,-3288.00,-122.00,157.00,89.00,28.15
8.091137,0.73,11324.00,12044.00,-3744.00,-149.00,99.00,229.00,28.52
8.15775,6.75,11788.00,11788.00,-3468.00,-275.00,141.00,-74.00,28.03
8.224774,6.75,11640.00,12000.00,-3436.00,-365.00,223.00,-121.00,28.03
8.290862,2.61,11888.00,11752.00,-3316.00,-276.00,107.00,-187.00,28.37
8.324869,2.61,11464.00,11960.00,-3228.00,-234.00,121.00,-329.00,27.95
8.391871,8.06,11380.00,12324.00,-3236.00,-178.00,90.00,-462.00,27.95
8.457766,8.73,10444.00,11560.00,-3152.00,-281.00,-37.00,-353.00,27.88
8.523973,8.24,11028.00,11804.00,-3124.00,-235.00,102.00,-29.00,27.93
8.591808,8.74,11088.00,11920.00,-3156.00,-177.00,238.00,-116.00,27.9
8.657725,8.74,10816.00,12020.00,-3156.00,-138.00,111.00,176.00,27.9
8.723928,8.10,11256.00,11844.00,-3436.00,-126.00,141.00,42.00,27.93
8.789995,8.42,11228.00,11912.00,-3252.00,-168.00,145.00,89.00,27.91
8.85701,7.04,11780.00,11880.00,-3260.00,-237.00,105.00,-125.00,28.02
8.923416,8.69,11580.00,11796.00,-3488.00,-207.00,166.00,-264.00,27.9
8.989831,8.69,11212.00,11804.00,-3104.00,-220.00,144.00,-253.00,27.9
9.056764,7.76,9852.00,11732.00,-3648.00,-146.00,136.00,-505.00,27.96
9.090514,7.24,10520.00,11928.00,-3448.00,-249.00,94.00,-312.00,28.0
9.156319,7.24,11012.00,11736.00,-3516.00,-181.00,121.00,-303.00,28.0
9.223069,6.15,10780.00,11912.00,-3692.00,-269.00,-2.00,-30.00,28.11
9.289982,5.84,11176.00,11960.00,-3344.00,-241.00,85.00,-50.00,28.13
9.355565,5.84,11108.00,11868.00,-3232.00,-195.00,127.00,-20.00,28.13
9.422567,5.22,11300.00,11860.00,-3180.00,-155.00,135.00,62.00,28.18
9.488765,5.96,11100.00,11560.00,-3380.00,-122.00,177.00,60.00,28.12
9.555496,5.20,11328.00,11868.00,-3128.00,-177.00,174.00,-110.00,28.18
9.621966,3.58,11404.00,11848.00,-3184.00,-284.00,130.00,-283.00,28.3
9.688667,3.58,11356.00,11804.00,-3368.00,-244.00,160.00,-348.00,28.3
9.755464,3.27,10984.00,12212.00,-3200.00,-263.00,183.00,-434.00,28.33
9.789877,3.47,11488.00,12312.00,-3276.00,-284.00,164.00,-141.00,28.32
9.856473,3.47,10968.00,11900.00,-3176.00,-302.00,129.00,-172.00,28.32
9.92273,1.23,10764.00,12068.00,-3040.00,-274.00,159.00,-160.00,28.5
9.988943,3.77,11024.00,11984.00,-3112.00,-82.00,143.00,-17.00,28.28
10.054464,3.77,10988.00,11976.00,-3176.00,-76.00,135.00,4.00,28.28
10.121497,1.55,11308.00,11920.00,-3188.00,-95.00,146.00,17.00,28.48
10.188452,3.17,11612.00,11692.00,-3488.00,-200.00,104.00,-28.00,28.34
10.254317,3.17,11736.00,11856.00,-3560.00,-196.00,97.00,-118.00,28.34
10.321397,0.53,11480.00,11892.00,-3536.00,-204.00,124.00,-133.00,28.56
10.387098,3.08,10880.00,11916.00,-3948.00,-149.00,13.00,-269.00,28.34
10.421104,6.47,11104.00,12052.00,-3024.00,-329.00,167.00,-208.00,28.07
10.487982,6.47,11020.00,11728.00,-3372.00,-251.00,122.00,-166.00,28.07
10.554798,0.51,10908.00,12052.00,-3304.00,-343.00,197.00,-230.00,28.53
10.621031,6.02,11168.00,11796.00,-3332.00,-332.00,177.00,-228.00,28.12
10.688117,7.77,11020.00,12068.00,-3032.00,-127.00,164.00,-95.00,27.98
10.753942,8.44,10908.00,11908.00,-3148.00,-129.00,114.00,-38.00,27.93
10.820974,3.25,11156.00,11752.00,-3400.00,-110.00,131.00,-126.00,27.9
10.886747,8.87,11672.00,12216.00,-3468.00,-168.00,130.00,-120.00,27.9
10.953494,2.93,10700.00,11252.00,-3816.00,-164.00,179.00,-164.00,28.36
11.020027,7.84,11336.00,11888.00,-3388.00,-233.00,124.00,-227.00,27.99
11.087003,8.23,11464.00,12164.00,-3288.00,-213.00,196.00,-196.00,27.95
11.152709,4.23,10972.00,11968.00,-3288.00,-267.00,160.00,-172.00,28.27
11.220301,8.82,11044.00,11916.00,-3232.00,-271.00,196.00,-158.00,27.91
11.286291,2.40,11052.00,11972.00,-3336.00,-271.00,202.00,-128.00,28.43
11.352386,2.40,11128.00,11992.00,-3280.00,-261.00,153.00,-141.00,28.43
11.386382,9.06,11260.00,11996.00,-3200.00,-162.00,131.00,-69.00,27.9
11.452923,8.40,11356.00,11884.00,-3336.00,-183.00,136.00,-119.00,27.93
11.519973,8.40,11356.00,12256.00,-3384.00,-138.00,92.00,-136.00,27.93
11.585958,6.17,12084.00,12932.00,-3420.00,-107.00,43.00,-136.00,28.12
11.652877,8.10,11108.00,11948.00,-3308.00,-159.00,141.00,-142.00,27.95
11.71896,8.70,11384.00,12028.00,-3348.00,-198.00,119.00,-173.00,27.93
11.785683,8.70,11120.00,12024.00,-3316.00,-218.00,232.00,-151.00,27.93
11.852393,8.56,11352.00,11912.00,-3404.00,-334.00,154.00,-136.00,27.95
11.918284,8.57,11244.00,11880.00,-3308.00,-346.00,157.00,-196.00,27.94
11.985094,8.57,10952.00,11968.00,-3208.00,-315.00,141.00,-179.00,27.94
12.051644,6.83,11072.00,11864.00,-3208.00,-118.00,110.00,-135.00,28.07
12.118244,6.83,11224.00,11872.00,-3048.00,-90.00,155.00,-111.00,28.07
12.184694,6.48,11384.00,11912.00,-3564.00,-105.00,126.00,-92.00,28.1
12.25103,6.88,11196.00,11948.00,-3468.00,-111.00,151.00,-128.00,28.09
12.285049,6.88,11292.00,11888.00,-3260.00,-170.00,114.00,-170.00,28.09
12.351901,6.29,10956.00,11776.00,-3576.00,-220.00,142.00,-182.00,28.13
12.417947,7.10,10976.00,12004.00,-3332.00,-254.00,132.00,-177.00,28.06
12.48455,5.07,11216.00,11808.00,-3228.00,-287.00,153.00,-149.00,28.22
12.551277,5.07,11152.00,11948.00,-3172.00,-295.00,160.00,-172.00,28.22
12.617524,4.54,11124.00,11916.00,-3188.00,-260.00,155.00,-97.00,28.28
12.684578,4.33,11084.00,12028.00,-3216.00,-207.00,170.00,-127.00,28.28
12.750949,4.24,11180.00,11772.00,-3348.00,-157.00,259.00,-117.00,28.28
12.817362,4.24,11696.00,12160.00,-3460.00,-127.00,23.00,-144.00,28.28
12.883631,3.35,10960.00,11880.00,-3652.00,-236.00,194.00,-44.00,28.35
12.950752,3.42,11348.00,11872.00,-3480.00,-299.00,248.00,-16.00,28.35
13.017013,3.45,11308.00,12224.00,-3564.00,-265.00,476.00,117.00,28.35
13.083052,3.51,11140.00,12716.00,-3576.00,-414.00,1102.00,-164.00,28.36
13.149889,3.34,12480.00,10792.00,-3296.00,-1014.00,527.00,-620.00,28.37
13.216888,3.32,11284.00,11720.00,-2280.00,-1183.00,-104.00,-533.00,28.36
13.265898,3.32,11172.00,11796.00,-2040.00,-870.00,-22.00,-797.00,28.36
13.316784,2.49,10312.00,12328.00,-1844.00,-572.00,-89.00,-316.00,28.44
13.383268,2.76,10004.00,12308.00,-2348.00,89.00,114.00,-374.00,28.41
13.449981,3.56,11264.00,11932.00,-3428.00,436.00,-20.00,202.00,28.36
13.515944,3.46,11032.00,12140.00,-3328.00,334.00,50.00,112.00,28.36
13.583048,3.59,11180.00,12036.00,-3736.00,115.00,55.00,7.00,28.37
13.64894,3.51,11064.00,11700.00,-3360.00,-171.00,98.00,-15.00,28.37
13.715924,3.23,11872.00,11844.00,-3736.00,-534.00,129.00,0.00,28.38
13.748941,3.36,11956.00,12148.00,-3516.00,-749.00,269.00,-160.00,28.38
13.8164,4.08,12488.00,11940.00,-3020.00,-698.00,235.00,-348.00,28.33
13.883127,4.08,12616.00,12616.00,-3316.00,-608.00,216.00,-367.00,28.33
13.948819,-0.24,10216.00,11660.00,-2352.00,-354.00,123.00,-591.00,28.66
14.015916,4.46,10548.00,12008.00,-2372.00,-5.00,178.00,-488.00,28.28
14.082784,3.98,10320.00,12192.00,-2792.00,142.00,165.00,-659.00,28.32
14.148332,4.00,9760.00,12188.00,-2852.00,252.00,31.00,-91.00,28.38
14.215033,8.62,9996.00,10208.00,-3716.00,31.00,198.00,138.00,27.96
14.281919,8.11,10708.00,12536.00,-3300.00,57.00,190.00,256.00,27.99
14.315934,4.80,11772.00,11732.00,-3700.00,-144.00,207.00,237.00,28.26
14.382287,4.80,11476.00,12080.00,-3664.00,-365.00,127.00,349.00,28.26
14.448618,5.34,11728.00,12136.00,-3728.00,-555.00,306.00,-158.00,28.22
14.514898,7.92,11236.00,11156.00,-2592.00,-469.00,109.00,-485.00,27.99
14.581546,8.83,12108.00,11432.00,-2428.00,-409.00,-58.00,-595.00,27.95
14.648249,5.30,-32768.00,32767.00,-23980.00,27246.00,-7362.00,-2267.00,28.23
14.715042,6.90,-14240.00,32767.00,-32768.00,-6571.00,21831.00,4406.00,28.1
14.781935,3.23,-3848.00,32767.00,26684.00,-4695.00,3211.00,10697.00,28.41
14.848104,3.23,-3176.00,32767.00,7436.00,-6302.00,19620.00,7784.00,28.41
14.914685,5.23,-17824.00,32767.00,-28988.00,9033.00,-305.00,17757.00,28.32
15.013104,4.18,-32768.00,32767.00,-22044.00,3472.00,7851.00,18578.00,28.39
15.079959,19.62,-32768.00,-32768.00,-4800.00,-21944.00,-32768.00,13763.00,28.18
15.14716,17.29,32767.00,-3688.00,32767.00,-2498.00,-29902.00,31429.00,28.11
15.214032,13.96,-5980.00,-21244.00,31028.00,4620.00,-15601.00,23334.00,28.75
15.280259,21.51,-32768.00,-32768.00,32767.00,-110.00,8366.00,32767.00,28.48
15.347473,27.61,-32768.00,-32768.00,5436.00,-11910.00,29937.00,32767.00,28.48
15.414032,21.23,-32768.00,-17636.00,-21136.00,-9364.00,-21520.00,32767.00,28.56
15.512816,10.27,-7316.00,22180.00,3744.00,32767.00,-32768.00,32767.00,28.32
15.579884,10.12,-23652.00,-22752.00,-13432.00,32767.00,-32768.00,13670.00,28.29
15.645909,10.12,-32768.00,-31376.00,-28368.00,32767.00,-32768.00,-32768.00,28.29
15.71282,11.68,-32768.00,-3844.00,19880.00,-23399.00,-32768.00,-32768.00,28.69
15.780323,10.82,7900.00,-9644.00,-2980.00,-21746.00,-32768.00,9586.00,28.47
15.846162,10.28,10752.00,-8504.00,-4544.00,-14190.00,-1516.00,9317.00,28.48
15.913004,13.97,1756.00,-6260.00,1260.00,-2263.00,32767.00,2725.00,28.18
15.980099,14.41,-796.00,-4520.00,3776.00,766.00,32767.00,2084.00,28.14
16.045954,10.09,-11980.00,-3820.00,6888.00,6704.00,32767.00,5809.00,28.52
16.144748,14.53,-17924.00,-1040.00,5284.00,-3291.00,32767.00,13241.00,28.22
16.212049,14.53,-16908.00,-2832.00,-244.00,-9490.00,32767.00,11019.00,28.22
16.277714,9.08,-6012.00,-2192.00,-2740.00,-17654.00,32767.00,5125.00,28.64
16.344915,9.67,-3860.00,560.00,-6956.00,-23164.00,29713.00,-3023.00,28.58
16.41189,10.53,664.00,4780.00,-3256.00,-27176.00,11598.00,-7648.00,28.47
16.477897,10.31,-4564.00,6652.00,-4648.00,-20892.00,13909.00,-11804.00,28.42
16.545053,9.22,-9656.00,5760.00,-5764.00,-13846.00,27988.00,-13146.00,28.46
16.612049,9.22,-6660.00,8252.00,-6516.00,-9224.00,32767.00,-13631.00,28.46
16.678454,6.35,-8848.00,7040.00,-5572.00,-2356.00,32767.00,-12262.00,28.7
16.744931,8.32,-4428.00,5652.00,-8460.00,3136.00,21354.00,-3734.00,28.42
16.811743,8.32,-2924.00,5680.00,-8464.00,2298.00,12868.00,-2363.00,28.42
16.87735,7.46,-3236.00,5388.00,-8060.00,793.00,-4660.00,-499.00,28.46
16.944036,9.85,-5608.00,6144.00,-7584.00,1868.00,-15312.00,2263.00,28.22
17.011103,9.21,-6400.00,6816.00,-6576.00,3952.00,-17425.00,3337.00,28.28
17.077314,8.71,-5952.00,7144.00,-6504.00,4615.00,-21567.00,3406.00,28.3
17.143893,10.20,-6408.00,7796.00,-6864.00,6600.00,-28031.00,2643.00,28.16
17.211153,10.20,-10360.00,916.00,-3408.00,8678.00,-26050.00,-699.00,28.13
17.277866,10.89,-10564.00,6672.00,-8304.00,6050.00,-17931.00,-5947.00,28.1
17.343256,9.63,-10512.00,6372.00,-7520.00,4107.00,-12446.00,-6407.00,28.16
17.411029,9.63,-11236.00,7036.00,-6912.00,780.00,-4631.00,-6595.00,28.16
17.476847,9.10,-10404.00,3460.00,-7360.00,-6633.00,10372.00,-5765.00,28.15
17.543947,9.27,-32768.00,32767.00,32767.00,-14814.00,-32768.00,-23118.00,28.13
17.642939,7.09,-1196.00,-32768.00,32767.00,-10251.00,22544.00,-3541.00,28.15
17.709492,5.88,-32768.00,-4244.00,15468.00,11123.00,-14466.00,-32768.00,28.24
17.776123,5.88,-22368.00,20340.00,22052.00,17413.00,9479.00,-32768.00,28.24
17.842964,0.41,11404.00,11504.00,15320.00,14161.00,7445.00,-27282.00,28.66
17.909828,1.72,32767.00,-32768.00,32767.00,4292.00,-32768.00,-18224.00,28.54
17.975612,2.64,-23024.00,-29288.00,18600.00,-14198.00,-32768.00,22352.00,28.5
18.042964,2.64,-26384.00,-21084.00,3484.00,12083.00,-32768.00,27554.00,28.5
18.141948,0.23,-2112.00,-25156.00,-32768.00,15635.00,-32768.00,12556.00,28.71
18.208815,4.68,-25904.00,-32768.00,32767.00,17029.00,-32768.00,2359.00,28.34
18.27504,4.30,-12988.00,17228.00,32767.00,32767.00,-25053.00,3917.00,28.35
18.342083,4.15,-11000.00,-7520.00,-14200.00,32767.00,-32768.00,-2109.00,28.44
18.408467,6.30,9980.00,-1948.00,12948.00,10773.00,-13637.00,3894.00,28.21
18.474796,6.16,18640.00,-6952.00,19872.00,-27539.00,32767.00,-13879.00,28.19
18.535256,6.05,-32768.00,-2184.00,-24640.00,24626.00,32767.00,-21414.00,28.21
18.602959,4.79,-32768.00,23084.00,29268.00,9862.00,45.00,32767.00,28.3
18.701047,3.60,-8160.00,32767.00,31516.00,-10904.00,32767.00,-1331.00,28.38
18.768019,3.70,-31560.00,-15264.00,-26988.00,-2879.00,8836.00,8364.00,28.38
18.813047,3.70,-32768.00,18028.00,-32768.00,25157.00,32767.00,32767.00,28.38
18.963385,4.86,13732.00,-8176.00,-11980.00,-5241.00,-16825.00,30987.00,28.29
19.029834,4.62,-4332.00,2372.00,-25456.00,-1831.00,-27410.00,30405.00,28.31
19.074378,1.71,940.00,-16764.00,-16952.00,1556.00,-4902.00,20444.00,28.53
19.294996,5.67,13016.00,-300.00,-14780.00,6485.00,-14422.00,15925.00,28.22
19.360992,5.67,900.00,-10476.00,-8872.00,8426.00,-23796.00,20878.00,28.22
19.427817,1.87,3016.00,-16936.00,-1412.00,9518.00,-32768.00,14595.00,28.51
19.470991,2.31,-9164.00,-5492.00,-8672.00,10341.00,-12754.00,9438.00,28.49
20.183284,3.60,-6456.00,-12616.00,12700.00,8127.00,3320.00,16277.00,28.4
20.306803,4.17,-5984.00,-3988.00,14204.00,6593.00,10432.00,13582.00,28.36
20.374028,4.47,-16156.00,-8904.00,13496.00,8000.00,15817.00,10827.00,28.32
20.440074,4.47,-11976.00,-3292.00,10920.00,4361.00,16284.00,9073.00,28.32
20.507078,1.43,-6236.00,-4744.00,4780.00,3215.00,16292.00,11324.00,28.59
20.573534,1.43,-8584.00,-8940.00,9340.00,-2220.00,24969.00,16318.00,28.59
20.639922,2.09,-7172.00,3216.00,13148.00,-5365.00,21595.00,6095.00,28.54
20.707,-0.40,-11808.00,16536.00,20796.00,-21299.00,16914.00,1099.00,28.76
20.772677,3.20,-608.00,2292.00,16968.00,-25277.00,-2406.00,3156.00,28.47
20.840005,2.41,-12248.00,-836.00,5768.00,-18314.00,-2911.00,-7780.00,28.54
20.906479,2.61,-15992.00,-1544.00,10048.00,-20052.00,-1946.00,-7099.00,28.52
20.960581,-0.06,-9972.00,1640.00,9964.00,-15511.00,-28218.00,4570.00,28.72
21.059947,2.90,-12428.00,-5704.00,9416.00,-12620.00,-15154.00,14667.00,28.51
21.126563,2.21,-12928.00,-3704.00,7108.00,-6954.00,-16771.00,20279.00,28.56
21.193584,2.21,-7480.00,-8724.00,9380.00,-7431.00,-16078.00,22316.00,28.59
21.259975,1.80,-7028.00,-3676.00,4204.00,-7629.00,-14388.00,23257.00,28.59
21.326417,0.13,3480.00,-2572.00,15964.00,-8146.00,-32768.00,16636.00,28.73
21.393074,4.67,940.00,-1988.00,7556.00,-11418.00,-17592.00,12285.00,28.37
21.459868,0.14,1900.00,-1044.00,28488.00,-14676.00,-9762.00,11394.00,28.72
21.526077,0.14,-11232.00,-5836.00,13744.00,-6084.00,-6759.00,4608.00,28.72
21.592544,0.10,-9548.00,-9888.00,18732.00,-1834.00,-408.00,7462.00,28.71
21.660025,-0.74,-9280.00,-4648.00,21368.00,2702.00,7770.00,13332.00,28.76
21.725541,0.85,-7576.00,-2852.00,16492.00,4709.00,4963.00,14584.00,28.67
21.792266,0.85,-4680.00,-1404.00,22024.00,-120.00,6752.00,13707.00,28.67
21.859976,2.28,-2476.00,3156.00,14212.00,-1476.00,-2582.00,11448.00,28.54
21.925421,5.77,-3816.00,-452.00,11312.00,-3377.00,6315.00,10746.00,28.28
21.991756,3.06,-3676.00,-624.00,15372.00,-4066.00,2320.00,7427.00,28.49
22.058506,4.62,-4924.00,-4732.00,17772.00,-1520.00,-3093.00,7881.00,28.36
22.125499,4.79,-8380.00,-2272.00,15612.00,2064.00,-3516.00,9424.00,28.35
22.192182,4.42,-9472.00,-564.00,16036.00,2098.00,3240.00,11400.00,28.38
22.258847,5.11,-5352.00,-1376.00,5644.00,-2504.00,18406.00,12212.00,28.32
22.324992,5.11,-5700.00,-652.00,17604.00,-6222.00,18215.00,10827.00,28.32
22.391369,0.25,-9752.00,1692.00,18152.00,-8795.00,6514.00,5520.00,28.73
22.457816,2.66,-7708.00,1108.00,16572.00,1907.00,-17412.00,9248.00,28.53
22.52419,2.70,1464.00,3312.00,11804.00,9629.00,7179.00,4699.00,28.56
22.591142,2.70,400.00,6152.00,18840.00,7224.00,7527.00,3782.00,28.56
22.65799,1.89,3036.00,6840.00,18668.00,4021.00,3416.00,824.00,28.63
22.724021,1.89,-1952.00,7328.00,19812.00,-1951.00,-1031.00,-1029.00,28.63
22.790159,0.24,-3456.00,508.00,11840.00,-2166.00,-5145.00,-2302.00,28.73
22.857717,-0.19,-6260.00,-276.00,8276.00,-2790.00,-2306.00,-1543.00,28.78
22.923731,0.55,-8360.00,-1520.00,8276.00,-4196.00,5817.00,0.00,28.73
22.990401,0.55,-10048.00,144.00,11852.00,-5946.00,2648.00,2057.00,28.73
23.056443,0.23,-8216.00,-4964.00,13004.00,-4117.00,6952.00,4492.00,28.73
23.123274,0.38,-8888.00,-3212.00,18576.00,-503.00,-402.00,5681.00,28.73
23.189829,3.27,-8352.00,3508.00,21184.00,-5948.00,1331.00,4406.00,28.49
23.256529,3.28,-3152.00,1328.00,12960.00,-7610.00,-7187.00,1501.00,28.51
23.322842,2.72,-1072.00,-496.00,15852.00,1183.00,11116.00,-3187.00,28.55
23.389098,2.69,2080.00,-6028.00,26996.00,16426.00,3368.00,-6288.00,28.55
23.456348,3.02,-2456.00,3528.00,10932.00,27630.00,15193.00,-15409.00,28.55
23.523044,3.02,-8384.00,8380.00,21840.00,28089.00,16864.00,-17055.00,28.55
23.588989,1.45,-32768.00,-3660.00,-2412.00,27852.00,5147.00,-28193.00,28.64
23.656487,1.36,-1020.00,-24004.00,14068.00,13907.00,-28648.00,-14302.00,28.57
23.72268,2.26,-8872.00,1320.00,844.00,7903.00,5129.00,4690.00,28.57
23.789079,2.80,1896.00,-4996.00,-2864.00,-9028.00,13815.00,13371.00,28.56
23.855624,2.80,852.00,-14880.00,-3536.00,-19652.00,10478.00,6377.00,28.56
23.922505,3.92,-32768.00,3236.00,15256.00,-14507.00,3303.00,261.00,28.47
23.988947,3.46,-32768.00,-5412.00,18656.00,-12030.00,-11312.00,-4019.00,28.47
24.055414,2.22,-19068.00,5252.00,12212.00,-3953.00,3237.00,4408.00,28.57
24.122031,2.64,2664.00,248.00,1928.00,4334.00,-8887.00,5203.00,28.58
24.188039,2.49,-4180.00,2992.00,4460.00,8878.00,3730.00,-414.00,28.58
24.255472,2.53,-32768.00,-15368.00,-3544.00,3622.00,28968.00,-4800.00,28.57
24.321388,2.53,-30496.00,-4368.00,21776.00,-2625.00,26437.00,-3713.00,28.57
24.38803,1.90,-26968.00,10796.00,9276.00,-10876.00,-3513.00,-5902.00,28.61
24.454834,1.92,-8360.00,-3548.00,9320.00,-11355.00,-12521.00,3531.00,28.59
24.521359,1.92,676.00,-6128.00,1644.00,-10182.00,-10507.00,9540.00,28.59
24.588039,1.96,4260.00,-484.00,1672.00,-9049.00,-2464.00,13391.00,28.6
24.654435,-0.04,-9140.00,-2928.00,3988.00,-14280.00,-1402.00,12610.00,28.78
24.721518,2.46,-19144.00,13076.00,17900.00,-32768.00,15283.00,10005.00,28.6
24.788034,2.65,-8880.00,10296.00,14956.00,-32768.00,10599.00,14072.00,28.58
24.86104,2.85,-32768.00,1720.00,18512.00,-14886.00,-15885.00,-3221.00,28.55
25.148994,3.45,-32768.00,4620.00,3788.00,10958.00,-5446.00,3382.00,28.49
25.315377,3.44,-21608.00,2976.00,8580.00,11141.00,-6118.00,-4531.00,28.47
25.382244,3.44,-11648.00,-2700.00,4452.00,8977.00,-10458.00,-7014.00,28.48
25.448704,3.86,-7740.00,-5980.00,2620.00,9610.00,-13948.00,-7042.00,28.48
25.515509,1.17,-340.00,1076.00,2448.00,10818.00,-11001.00,-8278.00,28.72
25.582143,1.17,-1468.00,4972.00,1040.00,13660.00,-1685.00,-6933.00,28.72
25.648687,0.66,-516.00,4628.00,7192.00,15194.00,-3844.00,-6978.00,28.75
25.715139,-0.09,-4908.00,3608.00,7428.00,15489.00,-997.00,-11134.00,28.79
25.782171,0.80,-18004.00,2004.00,6672.00,13584.00,7206.00,-11267.00,28.72
25.848976,0.80,-19152.00,6736.00,16348.00,16714.00,2031.00,-6752.00,28.72
25.915607,1.77,-25808.00,6236.00,24848.00,20940.00,-8410.00,-10170.00,28.62
25.981677,-0.45,-27104.00,1400.00,14648.00,20629.00,-20792.00,-19266.00,28.78
26.049309,-0.18,-18592.00,-4316.00,9944.00,14042.00,-10069.00,-9489.00,28.76
26.114911,0.13,-6120.00,4776.00,-3480.00,10689.00,-4030.00,1905.00,28.75
26.181149,3.62,-1208.00,-5400.00,8924.00,9834.00,-545.00,4021.00,28.47
26.248008,3.62,-5540.00,-10120.00,-4816.00,6584.00,1152.00,-723.00,28.47
26.314356,2.80,-21792.00,10356.00,9136.00,3376.00,-1941.00,-2001.00,28.53
26.381594,1.92,-23508.00,5692.00,9404.00,-9630.00,7359.00,4040.00,28.61
26.447627,1.55,-21588.00,1668.00,18736.00,-13783.00,15831.00,1485.00,28.62
26.514174,1.55,-22036.00,1972.00,18184.00,-11595.00,13751.00,4521.00,28.62
26.581296,2.14,-10976.00,2520.00,5808.00,-7881.00,2346.00,8526.00,28.6
26.647058,1.78,-6296.00,1712.00,3980.00,-8487.00,7503.00,7495.00,28.61
26.714179,2.20,-7848.00,5592.00,616.00,-5076.00,10589.00,6200.00,28.6
26.78046,2.20,-9700.00,2384.00,2164.00,-3087.00,5571.00,6822.00,28.6
26.846971,2.20,-11968.00,5404.00,676.00,-2278.00,9857.00,6840.00,28.6
26.913585,2.16,-15012.00,7460.00,3000.00,-1042.00,10603.00,6050.00,28.61
26.980293,3.69,-19100.00,13384.00,4980.00,-4159.00,-957.00,-857.00,28.48
27.045999,3.50,-14384.00,2968.00,8644.00,-2328.00,-577.00,451.00,28.51
27.113225,3.50,-13052.00,6596.00,7004.00,-848.00,-4080.00,459.00,28.51
27.179263,3.47,-12116.00,5620.00,7912.00,-2340.00,-2875.00,-1418.00,28.51
27.246128,4.09,-10972.00,3636.00,5044.00,-1423.00,-1221.00,-2631.00,28.47
27.312479,4.09,-8908.00,3992.00,5772.00,410.00,-5104.00,-1865.00,28.47
27.379021,3.85,-9588.00,3480.00,4252.00,670.00,-2693.00,-2022.00,28.48
27.446047,3.86,-20448.00,6120.00,6660.00,-4084.00,-6383.00,-981.00,28.47
27.512205,3.58,-21404.00,2588.00,8376.00,-9178.00,2131.00,-4293.00,28.49
27.57887,3.80,-19916.00,2424.00,8448.00,-8482.00,6091.00,-4568.00,28.49
27.645043,3.50,-15076.00,1032.00,7108.00,-5840.00,-4437.00,-30.00,28.5
27.711812,3.50,-12332.00,1960.00,5492.00,-5785.00,-4784.00,1317.00,28.53
27.778085,4.56,-8364.00,4096.00,3740.00,-6179.00,-616.00,5597.00,28.43
27.819104,4.80,-8580.00,3608.00,3940.00,-6220.00,-935.00,5489.00,28.41
27.87903,3.96,-8888.00,5284.00,6324.00,-5196.00,1541.00,4957.00,28.49
27.944904,3.96,-12456.00,6868.00,8804.00,-4926.00,5628.00,4372.00,28.47
28.012181,4.23,-13628.00,8256.00,11632.00,-850.00,-5295.00,-162.00,28.45
28.079014,4.24,-12528.00,4772.00,12356.00,-51.00,-9486.00,-1833.00,28.44
28.144756,4.69,-9108.00,2708.00,9348.00,991.00,-11077.00,-2242.00,28.42
28.212047,4.69,-8072.00,3636.00,7688.00,2381.00,-8760.00,-1720.00,28.42
28.278918,0.94,-8340.00,4380.00,9948.00,3394.00,-4035.00,-1905.00,28.72
28.344832,3.74,-8580.00,3828.00,10060.00,3205.00,-2277.00,-1778.00,28.5
28.412046,3.91,-9164.00,3672.00,9440.00,2892.00,3008.00,-1236.00,28.48
28.477823,3.91,-12772.00,5988.00,9232.00,3847.00,7649.00,1058.00,28.48
28.544521,4.14,-16296.00,6412.00,10840.00,-1005.00,-3940.00,1696.00,28.46
28.61112,4.26,-15484.00,4256.00,9548.00,-7401.00,1086.00,498.00,28.45
28.677862,4.24,-15460.00,1712.00,10572.00,-7258.00,-738.00,-917.00,28.44
28.744206,4.77,-12956.00,848.00,8096.00,-7280.00,6785.00,-2146.00,28.42
28.8113,4.91,-10992.00,1664.00,9832.00,-6654.00,6331.00,-692.00,28.4
28.877366,4.85,-8728.00,2100.00,6952.00,-5349.00,6915.00,622.00,28.4
28.943448,4.88,-8244.00,2692.00,8024.00,-5885.00,3307.00,2482.00,28.38
29.010004,5.24,-7860.00,4044.00,8544.00,-6604.00,2325.00,3647.00,28.38
29.076606,5.29,-9180.00,5364.00,10312.00,-2256.00,490.00,2745.00,28.36
29.143071,5.11,-13812.00,6496.00,16864.00,-50.00,-1117.00,1737.00,28.38
29.210022,4.64,-13232.00,4100.00,11040.00,2733.00,-5332.00,-1232.00,28.4
29.276227,5.31,-10412.00,4048.00,6124.00,2501.00,2831.00,1190.00,28.37
29.342868,5.08,-8792.00,3736.00,7712.00,1435.00,-2645.00,3502.00,28.39
29.409337,5.30,-10784.00,4312.00,9752.00,660.00,1364.00,4772.00,28.38
29.475803,5.54,-10732.00,5940.00,9776.00,-1671.00,-1430.00,4380.00,28.36
29.542989,5.23,-17476.00,3508.00,11772.00,-7295.00,7761.00,1194.00,28.38
29.609022,5.21,-17224.00,2568.00,13236.00,-7984.00,-8941.00,-1445.00,28.38
29.675603,5.48,-11248.00,848.00,12344.00,-4734.00,312.00,-19.00,28.37
29.713615,5.18,-9912.00,2712.00,8344.00,-5499.00,1946.00,-317.00,28.39
29.776014,5.18,-8316.00,1224.00,8656.00,-5589.00,2993.00,578.00,28.6
29.842271,2.34,-6132.00,2308.00,7584.00,-3083.00,4384.00,106.00,28.6
29.909262,3.20,-7560.00,3028.00,8540.00,-3204.00,4566.00,-631.00,28.53
29.975098,3.02,-10044.00,6372.00,11672.00,-1937.00,6058.00,10.00,28.56
30.041988,2.66,-13304.00,6620.00,13440.00,1686.00,3616.00,1015.00,28.56
30.109043,2.46,-15956.00,9228.00,13452.00,1181.00,-2903.00,1380.00,28.58
30.175149,2.38,-14476.00,3100.00,15812.00,-2118.00,-6746.00,763.00,28.61
30.232958,2.27,-7172.00,3052.00,10016.00,1039.00,-5101.00,-1788.00,28.61
30.39096,2.61,-8124.00,2360.00,9104.00,-945.00,2492.00,203.00,28.61
30.457288,2.53,-10460.00,2460.00,13812.00,-1855.00,5688.00,1177.00,28.61
30.523547,2.53,-13408.00,2584.00,17088.00,-2521.00,6624.00,867.00,28.61
30.590666,2.47,-16500.00,2928.00,16812.00,-1708.00,5306.00,2543.00,28.61
30.656424,0.49,-16244.00,2732.00,14540.00,-363.00,4141.00,3393.00,28.77
30.723041,3.38,-15628.00,2804.00,12920.00,2464.00,-3072.00,396.00,28.53
30.788952,3.63,-7396.00,3412.00,8664.00,-3577.00,-33.00,587.00,28.52
30.855828,4.07,-5916.00,1088.00,5164.00,-2149.00,-3368.00,-939.00,28.49
30.909024,4.07,-6672.00,2572.00,7028.00,-2247.00,441.00,533.00,28.49
31.0582,2.56,-12536.00,11380.00,22796.00,2940.00,6550.00,-1552.00,28.61
31.124294,2.24,-13312.00,14428.00,18252.00,6742.00,1572.00,-3739.00,28.61
31.191791,2.15,-10604.00,4384.00,20024.00,4580.00,-8398.00,-5476.00,28.63
31.257973,2.15,-11284.00,4656.00,14828.00,8031.00,-10194.00,-8035.00,28.63
31.325298,3.47,-8744.00,-2448.00,18156.00,1181.00,-5287.00,-13918.00,28.53
31.390971,4.82,-8744.00,-6656.00,9092.00,3250.00,3557.00,-11562.00,28.43
31.457523,4.60,-9332.00,656.00,10280.00,9497.00,-517.00,-5205.00,28.71
31.524351,1.06,-7212.00,-5592.00,3488.00,7787.00,-1973.00,-5939.00,28.71
31.591372,0.33,-8016.00,1788.00,1324.00,5208.00,4550.00,-2338.00,28.78
31.624396,0.34,-6932.00,524.00,5192.00,1130.00,7024.00,-6056.00,28.77
31.691083,0.34,-12780.00,3828.00,4380.00,532.00,21927.00,-5428.00,28.77
31.758332,2.98,-16652.00,6244.00,16364.00,-562.00,8250.00,-4112.00,28.58
31.856278,-0.03,-20752.00,6408.00,11928.00,6403.00,12010.00,-2542.00,28.8
31.923266,0.31,-25524.00,-5020.00,11516.00,4368.00,20606.00,-674.00,28.77
31.990304,4.11,-30864.00,10040.00,232.00,2394.00,-5060.00,4542.00,28.47
32.056447,4.11,-12064.00,-4204.00,3308.00,-1816.00,-10377.00,1721.00,28.47
32.123338,2.03,-4556.00,11936.00,4548.00,3620.00,-4379.00,-1477.00,28.65
32.189444,2.47,-7652.00,1052.00,1620.00,4720.00,5261.00,-1140.00,28.62
32.234454,2.48,-2988.00,92.00,8860.00,9202.00,5964.00,-1531.00,28.62
32.290467,2.48,-20180.00,4632.00,1756.00,9192.00,37.00,-353.00,28.62
32.356967,2.16,-19352.00,6940.00,5920.00,15472.00,4552.00,-2142.00,28.64
32.423031,2.02,-30192.00,1100.00,11804.00,14778.00,282.00,-8151.00,28.65
32.489968,2.29,-19240.00,2208.00,9564.00,14366.00,-1864.00,-9084.00,28.63
32.557189,2.58,-14876.00,4444.00,2860.00,13005.00,-2879.00,-5340.00,28.6
32.623568,2.58,-11004.00,2712.00,3540.00,13802.00,2487.00,-2905.00,28.6
32.690021,1.43,-11548.00,224.00,11556.00,16096.00,3819.00,3348.00,28.7
32.755665,1.14,-5912.00,-1480.00,3284.00,16292.00,-1608.00,3978.00,28.72
32.822538,2.51,-4828.00,-1704.00,-1296.00,15598.00,-6861.00,3387.00,28.62
32.88885,2.38,-25792.00,2292.00,-3004.00,-10514.00,3581.00,-10688.00,28.6
32.956448,2.13,-20956.00,-2176.00,9100.00,-14996.00,8278.00,-8605.00,28.62
33.054824,2.13,-17576.00,-10156.00,11188.00,-13749.00,7526.00,-9584.00,28.62
33.122103,1.98,-11908.00,2884.00,356.00,-5634.00,-15486.00,4517.00,28.65
33.188103,5.47,-7252.00,-1520.00,5892.00,-8050.00,-15491.00,3271.00,28.36
33.254696,3.96,-4640.00,1172.00,4624.00,-4915.00,-11846.00,-631.00,28.48
33.321136,3.96,-4332.00,3384.00,800.00,-1293.00,-2163.00,485.00,28.48
33.38816,5.53,-21244.00,5348.00,5872.00,6762.00,10553.00,2093.00,28.37
33.424136,4.97,-24664.00,4752.00,7728.00,8546.00,3694.00,1358.00,28.39
33.488458,5.03,-10292.00,4184.00,8796.00,11487.00,3797.00,-3419.00,28.4
33.554928,5.45,-15420.00,3268.00,12452.00,12301.00,6236.00,-4223.00,28.37
33.621533,5.45,-16684.00,2816.00,6624.00,15468.00,1296.00,-5126.00,28.63
33.68784,5.16,-7792.00,-440.00,4472.00,9084.00,-6148.00,-4994.00,28.4
33.754854,5.11,-8748.00,-1196.00,1948.00,5166.00,5177.00,-622.00,28.42
33.821484,4.34,-21920.00,-6600.00,-2872.00,-2093.00,1444.00,73.00,28.47
33.888499,5.46,-15704.00,3120.00,8716.00,-4959.00,-6795.00,-3151.00,28.39
33.953969,5.06,-21736.00,2424.00,12124.00,-4338.00,-14341.00,-4071.00,28.4
34.053225,4.76,-14708.00,-3824.00,16976.00,-7603.00,-3903.00,-1936.00,28.41
34.12024,4.50,-16592.00,-3596.00,10812.00,-7863.00,8354.00,8396.00,28.46
34.186911,3.84,-10508.00,-336.00,7352.00,-11848.00,-2566.00,10699.00,28.5
34.2527,3.60,-7300.00,1148.00,7564.00,-7005.00,-11014.00,8326.00,28.52
34.319822,3.98,-8836.00,4244.00,6912.00,-1805.00,436.00,6863.00,28.51
34.386105,4.06,-6560.00,-940.00,1192.00,-2666.00,3201.00,6444.00,28.49
34.420151,5.22,-11800.00,-280.00,2128.00,1460.00,2667.00,2058.00,28.4
34.486092,5.35,-15996.00,7308.00,9436.00,2595.00,-4859.00,1095.00,28.4
34.554271,4.94,-20176.00,4244.00,14952.00,3873.00,-14209.00,-897.00,28.41
34.619876,5.20,-11360.00,6284.00,23588.00,6121.00,-8595.00,-905.00,28.38
34.686772,5.28,-8880.00,6344.00,14596.00,9004.00,4303.00,-4048.00,28.4
34.75377,5.39,-6564.00,5372.00,17236.00,9534.00,20.00,-5925.00,28.4
34.820728,4.07,-4488.00,1984.00,6428.00,1030.00,-11820.00,-12580.00,28.48
34.885743,4.07,-12316.00,2428.00,7784.00,972.00,-5328.00,-11669.00,28.48
34.953081,1.03,-10736.00,-1076.00,4944.00,2114.00,2925.00,-6978.00,28.73
35.01909,3.03,-9636.00,364.00,15512.00,-249.00,3191.00,-2244.00,28.57
35.085808,4.39,-16996.00,-272.00,16200.00,-6250.00,8824.00,4472.00,28.46
35.151987,4.41,-18776.00,-6000.00,20272.00,-6081.00,-532.00,5322.00,28.46
35.218853,4.12,-9584.00,4116.00,13552.00,-3262.00,10602.00,5013.00,28.5
35.285906,4.12,-8872.00,5984.00,10616.00,-6806.00,6700.00,6290.00,28.5
35.351948,1.03,-13724.00,2180.00,11556.00,-7588.00,917.00,3445.00,28.74
35.418987,2.79,-4568.00,1416.00,6360.00,-767.00,-8029.00,702.00,28.6
35.484971,2.79,-7144.00,3300.00,5904.00,1901.00,-8854.00,-120.00,28.6
35.551735,4.69,-12012.00,840.00,12724.00,4889.00,-3933.00,-4908.00,28.45
35.618364,4.01,-29572.00,-224.00,11864.00,7615.00,4153.00,-7699.00,28.5
35.684401,4.01,-17092.00,2412.00,6464.00,7389.00,7483.00,-7761.00,28.5
35.751383,3.41,-12916.00,2700.00,10272.00,7389.00,6905.00,-7419.00,28.54
35.817485,0.09,-13716.00,6536.00,13988.00,8275.00,15163.00,-4451.00,28.82
35.884034,5.21,-11880.00,2124.00,6548.00,3227.00,3075.00,-940.00,28.41
35.950856,5.07,-9916.00,536.00,5560.00,2766.00,2050.00,-508.00,28.43
